name	lipid_gene
ostta01g00790	lipid_gene
ostta01g01130	lipid_gene
ostta01g02220	lipid_gene
ostta01g02510	lipid_gene
ostta01g02650	lipid_gene
ostta01g03280	lipid_gene
ostta01g03810	lipid_gene
ostta01g05630	lipid_gene
ostta01g05910	lipid_gene
ostta01g06660	lipid_gene
ostta02g00200	lipid_gene
ostta02g00340	lipid_gene
ostta02g00800	lipid_gene
ostta02g01730	lipid_gene
ostta02g01840	lipid_gene
ostta02g01930	lipid_gene
ostta02g02240	lipid_gene
ostta02g02830	lipid_gene
ostta02g03070	lipid_gene
ostta02g04070	lipid_gene
ostta02g04340	lipid_gene
ostta02g04440 	lipid_gene
ostta02g04460	lipid_gene
ostta02g05510	lipid_gene
ostta03g00610	lipid_gene
ostta03g00655	lipid_gene
ostta03g00820	lipid_gene
ostta03g00880	lipid_gene
ostta03g01030	lipid_gene
ostta03g01370	lipid_gene
ostta03g01580	lipid_gene
ostta03g01890	lipid_gene
ostta03g02130	lipid_gene
ostta03g02220	lipid_gene
ostta03g02390	lipid_gene
ostta03g03040	lipid_gene
ostta03g03620	lipid_gene
ostta03g03830	lipid_gene
ostta03g04010	lipid_gene
ostta03g04020	lipid_gene
ostta03g04210	lipid_gene
ostta03g04620	lipid_gene
ostta03g05480	lipid_gene
ostta03g05590	lipid_gene
ostta04g00610	lipid_gene
ostta04g01940	lipid_gene
ostta04g02080	lipid_gene
ostta04g02240	lipid_gene
ostta04g03030	lipid_gene
ostta04g03170	lipid_gene
ostta04g03270	lipid_gene
ostta04g03340	lipid_gene
ostta04g03470	lipid_gene
ostta04g03510	lipid_gene
ostta04g03540	lipid_gene
ostta04g03930	lipid_gene
ostta04g04690	lipid_gene
ostta04g04780	lipid_gene
ostta04g04830	lipid_gene
ostta05g00100	lipid_gene
ostta05g00250	lipid_gene
ostta05g00930	lipid_gene
ostta05g02550	lipid_gene
ostta05g02845	lipid_gene
ostta05g02990	lipid_gene
ostta05g03500	lipid_gene
ostta05g03730	lipid_gene
ostta05g04410	lipid_gene
ostta05g04750	lipid_gene
ostta06g00480	lipid_gene
ostta06g01120	lipid_gene
ostta06g01410	lipid_gene
ostta06g01550	lipid_gene
ostta06g02690	lipid_gene
ostta06g03200	lipid_gene
ostta06g03440	lipid_gene
ostta06g03510	lipid_gene
ostta06g04450	lipid_gene
ostta07g00010	lipid_gene
ostta07g00680	lipid_gene
ostta07g00880	lipid_gene
ostta07g01270	lipid_gene
ostta07g02020	lipid_gene
ostta07g02120	lipid_gene
ostta07g02150	lipid_gene
ostta07g02360	lipid_gene
ostta07g02580	lipid_gene
ostta07g03110	lipid_gene
ostta07g03340	lipid_gene
ostta07g03880	lipid_gene
ostta07g04120	lipid_gene
ostta07g04540	lipid_gene
ostta07g04670	lipid_gene
ostta08g00070	lipid_gene
ostta08g00940	lipid_gene
ostta08g00980	lipid_gene
ostta08g01180	lipid_gene
ostta08g01290	lipid_gene
ostta08g02300	lipid_gene
ostta08g02430	lipid_gene
ostta08g02590	lipid_gene
ostta08g02740	lipid_gene
ostta08g03180	lipid_gene
ostta08g03270	lipid_gene
ostta08g03440	lipid_gene
ostta08g04230	lipid_gene
ostta08g04310	lipid_gene
ostta09g00960	lipid_gene
ostta09g01290	lipid_gene
ostta09g01615	lipid_gene
ostta09g01740	lipid_gene
ostta09g01910	lipid_gene
ostta09g02310	lipid_gene
ostta09g02400	lipid_gene
ostta09g02530	lipid_gene
ostta09g03060	lipid_gene
ostta09g03210	lipid_gene
ostta09g03220	lipid_gene
ostta09g03360	lipid_gene
ostta09g04440	lipid_gene
ostta10g00820	lipid_gene
ostta10g01550	lipid_gene
ostta10g01690	lipid_gene
ostta10g01760	lipid_gene
ostta10g02580	lipid_gene
ostta10g03430	lipid_gene
ostta10g03450	lipid_gene
ostta11g00050	lipid_gene
ostta11g00770	lipid_gene
ostta11g01110	lipid_gene
ostta11g01160	lipid_gene
ostta11g01280	lipid_gene
ostta11g01340	lipid_gene
ostta11g01370	lipid_gene
ostta11g02095	lipid_gene
ostta11g02570	lipid_gene
ostta12g01000	lipid_gene
ostta12g01280	lipid_gene
ostta12g01340	lipid_gene
ostta12g01890	lipid_gene
ostta12g02200	lipid_gene
ostta12g02310	lipid_gene
ostta12g02580	lipid_gene
ostta12g02740	lipid_gene
ostta12g03050	lipid_gene
ostta12g03170	lipid_gene
ostta13g00320	lipid_gene
ostta13g01040	lipid_gene
ostta13g01070	lipid_gene
ostta13g01350	lipid_gene
ostta13g01370	lipid_gene
ostta13g01550	lipid_gene
ostta13g02360	lipid_gene
ostta13g02530	lipid_gene
ostta13g02960	lipid_gene
ostta14g00050	lipid_gene
ostta14g00600	lipid_gene
ostta14g01387	lipid_gene
ostta14g01500	lipid_gene
ostta14g01680	lipid_gene
ostta14g02590	lipid_gene
ostta14g02890	lipid_gene
ostta15g00120	lipid_gene
ostta15g01110	lipid_gene
ostta15g01140	lipid_gene
ostta15g01470	lipid_gene
ostta15g01890	lipid_gene
ostta15g02500	lipid_gene
ostta15g02860 	lipid_gene
ostta16g00040	lipid_gene
ostta16g00380	lipid_gene
ostta16g00910	lipid_gene
ostta16g01250	lipid_gene
ostta16g01500	lipid_gene
ostta16g01910	lipid_gene
ostta16g02510	lipid_gene
ostta16g02520	lipid_gene
ostta17g00300	lipid_gene
ostta17g00430	lipid_gene
ostta17g00650	lipid_gene
ostta17g01150	lipid_gene
ostta17g01290	lipid_gene
ostta17g01400	lipid_gene
ostta17g01410	lipid_gene
ostta17g01930	lipid_gene
ostta17g01950	lipid_gene
ostta17g02010	lipid_gene
ostta17g02080	lipid_gene
ostta18g00560	lipid_gene
ostta18g00810	lipid_gene
ostta18g01380	lipid_gene
ostta18g01710	lipid_gene
ostta20g00030	lipid_gene
ostta20g00320	lipid_gene
ostta20g00840	lipid_gene
