k4_temp26_1	k4_temp26_2	k4_temp26_3
31.6838898311546	35.1489775162441	29.4018095990558
31.5188695716173	38.1888890852165	25.1679490167917
665.031645935171	512.795082791042	466.900736433005
406.774939759354	584.802988081077	364.582439028291
994.412083971549	857.635051396355	649.191955947151
32.8390316479154	43.8887232770399	24.6975200632068
28.8785454190211	37.2389167199126	29.1665951222633
1103.98553630429	1025.21017663596	789.850213069034
19.4723906253971	17.4794915215916	14.3480830843392
713.217561720052	594.112717261055	463.137304804326
35.4793558005116	43.6987288039791	29.6370240758482
541.926532320373	466.626425837272	393.749034150555
32.6740113883782	44.8386956423438	28.460951691886
32.6740113883782	35.3389719893048	38.5751741939611
23.9279376329032	28.4991709591168	24.9327345399993
30.0336872357819	28.8791599052384	27.0496648311313
524.929445588035	526.474684851418	433.73549520527
156.439206041326	217.733666127652	119.488954210563
1174.11914660763	956.622171861021	699.05742502715
27.3933630831857	34.7689885701225	28.6961661686784
38.9447812507942	42.938750911736	37.3991018099989
41.7501256629276	56.9983419182336	44.2203216369799
127.395640362767	172.324987066126	132.896179387732
30.3637277548565	34.1990051509402	29.8722385526406
777.740483199122	855.165123246565	656.954033681302
38.6147407317196	45.2186845884653	38.3399597171687
248.355490603581	305.321118208671	210.987385682824
41.5851054033904	44.4587066962222	27.7553082615086
33.1690721669899	38.1888890852165	28.9313806454709
30.0336872357819	35.3389719893048	33.1652412277349
533.67551934351	301.141239801334	286.726447209992
64.6879417386073	80.3676621047094	63.7431232107529
49.3410576016418	59.2782755949629	39.5160321011309
36.7995178768097	33.6290217317578	23.9918766328295
27.558383342723	29.6391377974815	23.2862332024522
578.561029937645	519.63488382123	387.163028800366
389.612832767479	397.088448697027	275.436152323954
36.6344976172725	44.8386956423438	30.3426675062255
679.223388255376	558.583750798689	403.628042175837
35.9744165791234	41.4187951272498	29.1665951222633
942.925762995923	748.008240440286	522.646567432815
90.2660819668831	88.1574355002013	66.5656969322622
35.9744165791234	50.1585408880456	32.2243833205651
24.2579781519777	30.9690991089069	22.1101608184899
700.67602199522	863.334885588178	622.14229111602
26.8983023045739	44.8386956423438	34.5765280884896
30.0336872357819	43.5087343309183	26.1088069239615
290.600677045121	396.708459750906	257.559852087728
315.848776754322	360.799504342419	284.844731395652
30.1987074953192	34.9589830431833	27.0496648311313
31.1888290525428	36.2889443546087	32.4595977973576
99.1771759818953	99.7470983569088	83.2659247845259
31.0238087930055	49.3985629958025	37.8695307635838
720.148412620617	547.754065834225	487.599610390741
32.0139303502291	40.6588172350066	29.6370240758482
30.5287480143937	31.1590935819677	26.1088069239615
30.693768273931	42.938750911736	38.5751741939611
54.6217059068342	61.3682147986315	50.3358980335834
705.131569002726	833.885742263758	576.510682618285
36.1394368386607	37.2389167199126	25.4031634935842
18.6472893277108	20.7093975636249	20.2284450041504
8.25101297686317	11.2096739105859	3.52821715188669
30.8587885334683	45.0286901154045	31.2835254133953
18.9773298467853	25.2692649170836	19.522801573773
15.016843617891	17.2894970485309	14.8185120379241
592.092691219701	730.148759972572	511.59148702357
393.903359515448	425.967608602266	314.4817554715
37.7896394340333	50.7285243072279	36.2230294260367
507.932358855697	347.499891228164	267.438860113011
28.5485048999466	30.3991156897246	25.6383779703766
36.964538136347	42.938750911736	38.1047452403763
74.2591167917685	48.8285795766201	51.0415414639608
29.7036467167074	34.7689885701225	28.6961661686784
43.0702877392257	40.6588172350066	39.7512465779234
633.842816882629	579.673137308436	428.325562239044
920.978068477467	660.800777305388	489.716540681873
25.9081807473504	24.6992814979012	27.2848793079237
32.1789506097664	40.0888338158243	31.7539543669802
660.90613944674	609.122280632856	515.119704175457
35.6443760600489	38.3788835582773	32.9300267509424
69.4735292651879	65.1681042598471	49.3950401264137
438.128789071434	492.84566311966	326.00726483433
24.7530389305895	23.9393036056581	22.3453752952824
34.8192747623626	55.0983971876258	37.3991018099989
1725.45183372163	2057.64014324823	1552.65076130694
1393.43107153265	1556.62471778696	1116.79833581053
25.5781402282758	31.5390825280893	21.1693029113201
16.9970867323381	14.4395799526192	23.5214476792446
21.287613480307	25.8392483362659	20.2284450041504
941.935641438699	862.004924276753	595.563055238473
5.61068882426696	10.259701545282	8.23250668773561
42.9052674796885	58.328303229659	37.6343162867914
252.811037611088	253.452627063079	165.35577718509
37.7896394340333	26.0292428093267	34.3413136116971
78.7146637992746	59.0882811219022	50.8063269871683
834.672472739478	718.559097115865	616.026714719416
46.0406524108965	61.5582092716923	42.3386058226403
417.006195850665	288.791599052384	217.808605509805
1070.65144387776	1064.34903808648	835.481821566768
635.327999218464	596.012661991663	511.59148702357
31.6838898311546	55.4783861337474	30.577881983018
32.8390316479154	32.4890548933932	27.5200937847162
40.4299635866295	63.2681595292393	42.1033913458478
918.172724065334	936.292763243517	722.343658229602
33.1690721669899	27.5491985938129	25.1679490167917
30.8587885334683	32.8690438395147	28.9313806454709
26.7332820450367	29.2591488513599	31.2835254133953
628.232128058362	743.448373086827	584.037545875643
14.6868030988164	20.3294086175033	15.7593699450939
61.387536547862	63.2681595292393	51.2767559407532
33.6641329456017	36.2889443546087	33.8708846581122
1124.44804848691	890.124106289748	775.502129984695
47.6908550062691	52.8184635108965	37.8695307635838
1426.27010318057	929.452962213329	692.706634153753
72.2788736773214	84.167551565925	57.3923323373568
21.947694518456	21.2793809828072	22.3453752952824
41.0900446247786	54.7184082415043	39.5160321011309
17.4921475109499	24.1292980787189	12.9367962235845
18.4822690681735	22.0393588750503	21.639731864905
308.917925853757	252.312660224714	189.818082771504
987.811273590059	902.663741511759	636.960803153944
36.7995178768097	50.7285243072279	22.1101608184899
13.0366005034438	10.8296849644644	16.4650133754712
20.4625121826207	24.6992814979012	21.639731864905
17.9872082895617	18.049474940774	22.1101608184899
278.554198098901	201.584135917486	161.827560033203
65.8430835553681	92.5273083805992	56.451474430187
25.4131199687386	24.5092870248404	21.1693029113201
426.082310125214	642.561307891553	455.140012593383
22.4427552970678	37.4289111929734	23.5214476792446
33.9941734646763	43.3187398578575	27.9905227383011
46.7007334490455	32.2990604203324	29.1665951222633
31.1888290525428	34.7689885701225	31.0483109366029
762.558619321694	645.601219460526	437.969355787534
271.458326938798	386.258763732563	277.788297091879
31.5188695716173	65.1681042598471	29.6370240758482
225.912735306514	219.063627439078	185.58422218924
23.1028363352169	23.5593146595366	22.1101608184899
28.218464380872	33.2490327856363	27.9905227383011
639.123465187821	736.608572056639	524.293068770362
37.9546596935706	43.5087343309183	33.8708846581122
1037.31735145124	759.217914350872	679.534623453377
301.657034434117	282.711775914439	197.10973155207
773.945017229765	830.655836221724	580.038899770172
21.7826742589188	26.4092317554482	23.9918766328295
351.163112295297	346.929907808982	274.0248654632
640.113586745045	500.445442042091	428.090347762252
1088.47363190779	896.773912846875	818.546379237712
33.3340924265272	47.6886127382554	38.5751741939611
918.832805103483	1048.00951340326	782.323349811675
26.0732010068876	40.0888338158243	26.5792358775464
40.7600041057041	53.198452457018	37.1638873332065
45.2155511132102	57.5683253374159	46.1020374513194
39.6048622889432	36.6689333007303	33.4004557045273
488.790008749374	556.30381712196	397.747680256026
844.078627533102	711.529301612616	485.012251146024
41.9151459224649	46.5486458998908	34.1060991349047
22.4427552970678	36.6689333007303	27.9905227383011
25.7431604878131	22.9893312403542	19.2875870969806
39.6048622889432	45.5986735345869	32.4595977973576
27.2283428236485	30.5891101627854	27.9905227383011
28.7135251594838	39.8988393427635	33.1652412277349
482.519238886958	574.163297589673	435.146782066025
28.218464380872	32.8690438395147	26.8144503543388
1643.76680525068	1421.72864191381	1110.91797389072
24.9180591901268	26.9792151746306	25.1679490167917
1104.31557682337	831.415814113967	768.916124634506
26.8983023045739	28.8791599052384	23.2862332024522
27.2283428236485	22.0393588750503	20.2284450041504
30.693768273931	35.5289664623656	27.0496648311313
875.432476845182	923.943122494567	743.042532187337
50.0011386397908	56.0483695529297	39.9864610547158
861.405754784515	626.791766627509	492.774328880174
53.4665640900733	58.5182977027198	38.3399597171687
1010.08900862759	840.155559874763	772.679556263185
789.95198240488	1012.10055799477	750.804609921488
30.1987074953192	41.228800654189	34.5765280884896
24.5880186710522	26.599226228509	21.8749463416975
35.1493152814371	43.5087343309183	26.1088069239615
18.812309587248	29.6391377974815	23.2862332024522
651.169944134041	733.948649433788	572.982465466398
566.679571250962	558.583750798689	434.67635311244
416.67615533159	517.544944617561	441.732787416214
589.782407586179	731.478721283998	517.707063420174
419.811540262798	491.705696281295	363.641581121122
539.286208167777	565.043562882756	425.738202994327
605.294311982682	703.549533744063	504.535052719797
16.0069651751145	12.7296296950722	16.9354423290561
914.047217576902	937.812719028003	724.695802997526
28.7135251594838	36.6689333007303	34.5765280884896
1186.99072685154	1144.14671677201	877.114783959031
27.7234036022603	36.2889443546087	31.5187398901878
27.2283428236485	26.9792151746306	26.8144503543388
33.0040519074527	30.3991156897246	25.6383779703766
23.7629173733659	30.7791046358461	27.0496648311313
34.8192747623626	33.439027258697	25.6383779703766
46.0406524108965	37.4289111929734	42.5738202994327
20.1324716635461	21.6593699289288	17.6410857594335
791.76720525979	664.600666766604	540.052438715456
733.019992864524	828.945885964177	608.029422508473
19.8024311444716	22.9893312403542	20.6988739577352
609.914879249725	508.045220964522	426.443846424705
179.872082895617	195.12432383342	140.42304264509
426.082310125214	436.037315674487	285.785589302822
299.181730541059	341.420068090219	265.792358775464
26.4032415259621	33.6290217317578	23.2862332024522
19.9674514040089	24.5092870248404	22.5805897720748
44.0604092964493	49.0185740496809	40.6921044850932
1184.02036217986	919.383255141108	771.503483879223
446.379802048298	306.461085047036	272.848793079237
24.0929578924405	27.9291875399345	18.3467291898108
454.465794765623	446.107022746708	297.546313142444
100.002277279582	94.9972365303893	84.912426122073
101.817500134492	104.306965710367	59.2740481516964
36.964538136347	37.0489222468518	35.9878149492442
836.322675334851	949.21238741165	672.713403626396
15.5119043965028	19.5694307252602	19.7580160505655
15.5119043965028	19.1894417791386	15.5241554683014
46.370692929971	52.2484800917141	33.1652412277349
95.0516694934637	105.446932548732	71.740415421696
383.342062905063	389.108680828475	271.20229174169
47.1957942276573	57.5683253374159	38.1047452403763
18.3172488086362	19.9494196713818	16.7002278522637
309.082946113294	429.197514644299	278.964369475841
29.7036467167074	28.6891654321776	28.460951691886
1415.04872553203	1110.89768398637	1000.36716979827
564.369287617441	729.198787607269	548.520159879984
30.0336872357819	33.8190162048186	22.8158042488673
130.696045553513	164.725208143695	131.014463573392
21.4526337398442	32.2990604203324	18.3467291898108
26.0732010068876	23.3693201864758	22.8158042488673
641.433748821343	459.596630334024	360.348578446027
962.233133361783	894.493979170146	697.881352643187
20.6275324421579	26.9792151746306	19.0523726201881
445.059639971999	554.973855810534	427.619918808667
677.078124881392	579.863131781496	468.782452247345
818.995548083438	652.061031544592	455.375227070175
480.208955253436	478.21608869398	428.090347762252
610.905000806949	506.335270706975	372.344516762442
459.581422811279	420.457768883503	298.487171049614
143.072565018807	106.966888333218	106.552157986978
56.1068882426696	77.1377560626761	67.9769837930169
392.58319743915	476.126149490311	386.692599846781
27.8884238617975	32.4890548933932	24.2270911096219
24.5880186710522	24.5092870248404	24.6975200632068
9.9012155722358	9.87971259916049	8.93815011811295
1555.64598665778	1188.03544004905	995.427665785632
39.7698825484805	51.2985077264102	34.1060991349047
44.8855105941356	55.6683806068081	44.9259650673572
39.2748217698687	45.0286901154045	35.2821715188669
20.1324716635461	28.309176486056	23.2862332024522
69.4735292651879	82.4576013083779	71.5052009449036
48.3509360444182	57.7583198104767	46.1020374513194
388.127650431643	501.585408880456	330.241125416594
12.8715802439065	12.3496407489506	20.2284450041504
44.2254295559866	52.2484800917141	36.928672856414
11.5514181676084	17.8594804677132	11.2902948860374
53.1365235709988	55.2883916606866	38.8103886707536
35.3143355409744	27.1692096476913	26.1088069239615
11.2213776485339	18.4294638868955	11.7607238396223
30.8587885334683	34.5789940970617	28.6961661686784
23.5978971138287	21.8493644019895	17.8763002362259
437.468708033285	553.453900026048	423.621272703195
924.608514187287	755.608019362717	658.600535018849
249.01557164173	249.272748655742	188.171581433957
21.947694518456	36.4789388276695	20.2284450041504
37.7896394340333	47.3086237921339	34.5765280884896
42.4102067010767	57.5683253374159	31.5187398901878
32.3439708693036	39.518850396642	38.3399597171687
28.0534441213348	33.439027258697	24.9327345399993
830.546966251047	621.471921381807	525.233926677532
29.3736061976329	31.3490880550285	22.5805897720748
58.912232654803	58.1383087565983	44.4555361137723
377.566353821259	342.370040455523	263.44021400754
25.083079449664	24.6992814979012	18.3467291898108
674.76784124787	574.733281008855	449.965294103949
46.8657537085828	50.5385298341671	36.2230294260367
50.8262399374771	56.0483695529297	39.045603147546
14.6868030988164	24.6992814979012	19.2875870969806
37.9546596935706	51.488502199471	41.3977479154705
591.102569662477	631.92161740015	506.181554057344
501.166528214669	543.384192953827	391.161674905838
31.1888290525428	30.7791046358461	23.0510187256597
905.13612356189	814.506306011558	580.744543200549
447.039883086447	380.7489240138	269.320575927351
548.527342701864	409.438089445978	355.173859956594
22.1127147779933	26.2192372823875	24.9327345399993
317.16893883062	447.246989585073	311.423967273199
14.5217828392792	16.7195136293485	14.3480830843392
87.6257578142869	113.806689363406	96.2027210081104
829.226804174749	709.249367935887	461.020374513194
44.3904498155239	51.2985077264102	35.5173859956593
165.680340575412	203.104091701972	149.361192763203
16.9970867323381	19.3794362521994	15.288940991509
567.339652289112	784.677173741016	554.87095075338
27.2283428236485	30.3991156897246	26.1088069239615
22.7727958161423	21.0893865097464	16.4650133754712
464.532030597396	659.470815993963	434.205924158855
443.574457636164	556.113822648899	429.736849099799
65.5130430362936	82.6475957814387	68.6826272233942
869.161706982766	781.447267698983	659.776607402811
1158.11218143251	1120.96739105859	850.300333604692
147.693132285851	179.164788096314	148.185120379241
58.5821921357285	84.7375349851073	43.5146782066025
34.9842950218998	39.3288559235812	37.6343162867914
2493.78616212712	2356.88143831896	1754.46478239485
33.1690721669899	36.2889443546087	31.9891688437727
46.2056726704337	37.808900139095	35.0469570420745
806.784048877681	699.939638755909	520.059208188098
619.486054302887	757.317969620264	505.711125103759
34.3242139837508	42.3687674925536	33.6356701813198
56.4369287617441	68.3980103018803	51.9823993711306
50.6612196779399	55.4783861337474	49.8654690799986
28.218464380872	41.0388061811282	23.0510187256597
1064.54569427489	1139.58684941855	793.143215744128
1442.77212913429	943.322558746766	779.735990566959
75.0842180894549	60.9882258525099	56.451474430187
75.4142586085294	103.546987818124	62.0966218732057
31.1888290525428	35.9089554084872	27.5200937847162
124.755316210171	137.176009549882	101.377439497544
473.113084093334	629.45168925036	441.497572939421
463.70692929971	656.050915478869	456.551299454138
15.5119043965028	13.2996131142545	15.7593699450939
609.584838730651	836.735659359669	545.697586158475
26.4032415259621	40.4688227619459	25.6383779703766
656.615612698771	624.70182742384	446.907505905647
52.1464020137752	74.8578223859468	50.8063269871683
553.312930228444	732.428693649302	492.30389992659
25.5781402282758	22.7993367672934	20.4636594809428
750.677160635011	738.508516787247	579.568470816587
753.317484787607	641.041352107067	490.186969635458
347.862707104551	563.903596044391	373.520589146404
499.021264840685	644.271258149101	399.158967116781
13.3666410225183	15.1995578448623	16.7002278522637
28.8785454190211	34.1990051509402	29.4018095990558
928.734020675718	741.358433883158	519.118350280928
37.7896394340333	41.9887785464321	34.1060991349047
1222.47008265205	1030.53002188166	813.136446271486
616.515689631216	637.051468172791	625.435293791114
631.697553508644	712.47927397792	500.301192137533
124.095235172022	140.215921118855	124.663672699996
34.3242139837508	39.8988393427635	34.5765280884896
326.905134143319	417.417857314531	307.895750121312
24.0929578924405	24.6992814979012	27.2848793079237
1183.85534192033	840.535548820885	695.058778921678
47.0307739681201	54.908402714565	48.9246111728288
669.652213202215	659.090827047841	540.287653192249
910.746812386157	888.414156032201	636.490374200359
49.8361183802535	52.4384745647749	39.7512465779234
25.2480997092013	32.1090659472716	21.639731864905
25.9081807473504	29.8291322705422	27.7553082615086
679.058367995839	690.819904048991	540.287653192249
25.7431604878131	32.6790493664539	27.2848793079237
1087.31849009103	806.716532616066	655.307532343755
1166.19817414984	959.092100010811	810.313872549977
341.261896723061	476.886127382554	355.879503386971
23.1028363352169	23.3693201864758	21.8749463416975
886.488834234179	889.174133924444	688.237559094697
75.9093193871412	108.676838590765	82.0898524005637
574.930584227826	725.778887092175	546.403229588852
26.5682617854994	33.0590383125755	29.8722385526406
624.10662156993	622.801882693233	500.301192137533
37.7896394340333	50.7285243072279	31.7539543669802
771.469713336706	672.580434635157	480.77839056376
13288.9164802763	10958.8812061457	8849.4742603622
70.793691341486	94.0472641650854	62.3318363499982
5004.56941098659	4994.38471334869	4208.22220429365
51.4863209756262	59.0882811219022	50.100683556791
65.5130430362936	56.4283584990513	47.983753265659
1226.43056888094	1085.81841354235	795.26014603526
26.7332820450367	26.2192372823875	27.5200937847162
17.6571677704872	18.049474940774	15.9945844218863
643.744032454865	398.608404481514	388.339101184328
1344.75009496916	996.521011203784	839.48046767224
17.3271272514127	13.6796020603761	20.2284450041504
23.7629173733659	27.7391930668737	19.9932305273579
653.6452480271	561.813656840723	426.679060901497
13.8617018011301	13.1096186411937	18.1115147130183
820.645750678811	796.646825543845	658.835749495641
37.1295583958843	37.6189056660342	37.6343162867914
139.772159828062	154.655501071474	112.432519906789
991.93678007849	836.735659359669	646.839811179227
907.776447714486	704.309511636307	577.92196947904
24.422998411515	29.4491433244207	26.8144503543388
21.4526337398442	29.6391377974815	23.5214476792446
499.516325619296	623.561860585476	483.365749808477
476.908550062691	598.292595668392	416.329623922629
1168.01339700475	853.455172989018	630.84522675734
131.851187370273	173.084964958369	126.310174037544
42.4102067010767	47.8786072113162	37.8695307635838
1182.37015958449	1109.75771714801	837.363537381108
48.0208955253436	52.6284690378357	48.2189677424514
694.07521161373	607.792319321431	509.944985686023
37.2945786554215	41.7987840733713	32.4595977973576
40.7600041057041	53.0084579839572	43.0442492530176
1053.81937740496	744.778334398252	644.722880888095
1025.60091302409	877.964460013858	689.648845955452
10.5612966103849	13.4896075873153	10.1142225020752
29.7036467167074	27.5491985938129	24.4623055864144
575.425645006437	605.13239669858	425.738202994327
1329.23819057266	991.201165958082	825.602813541485
214.031276619831	317.10077553844	194.28715783056
24.5880186710522	27.5491985938129	22.5805897720748
33.3340924265272	42.1787730194929	35.7526004724518
277.234036022602	186.004589126502	166.767064045844
10.5612966103849	8.73974576079582	7.76207773415072
1180.05987595097	1166.75605906624	894.050226288087
129.04584295814	144.01581058007	112.667734383582
509.252520931995	410.578056284343	279.199583952633
27.3933630831857	27.3592041207521	26.5792358775464
529.219972336004	402.59828841579	316.128256809047
35.6443760600489	29.2591488513599	24.9327345399993
11.2213776485339	14.8195688987407	14.1128686075468
1087.48351035057	944.652520058191	770.797840448846
33.6641329456017	38.5688780313381	28.6961661686784
793.417407855162	706.779439786097	498.184261846401
830.051905472435	672.390440162096	484.541822192439
17.8221880300244	17.2894970485309	22.1101608184899
43.5653485178375	55.4783861337474	44.4555361137723
780.545827611256	697.469710606118	526.880428015079
13.5316612820556	15.5795467909839	9.64379354849029
1137.15460847128	801.396687370364	616.497143673001
714.372703536813	844.715427228222	630.610012280548
24.0929578924405	31.3490880550285	30.577881983018
181.192244971915	110.576783321373	113.608592290751
630.872452210958	532.364513516302	376.343162867914
1302.00984774901	1122.48734684308	879.466928726956
18.9773298467853	19.9494196713818	14.3480830843392
36.3044570981979	50.7285243072279	37.6343162867914
125.41539724832	91.007352596113	81.8546379237712
25.5781402282758	21.8493644019895	19.522801573773
63.5327999218464	76.377778170433	59.2740481516964
22.1127147779933	26.2192372823875	23.756662156037
245.550146191448	310.830957927434	219.925535800937
859.26049141053	913.493426476224	690.824918339414
33.6641329456017	50.5385298341671	29.8722385526406
25.5781402282758	34.9589830431833	26.5792358775464
832.197168846419	695.759760348571	566.39646011621
349.512909699924	270.362135165488	247.916058539238
625.096743127154	444.777061435283	378.930522112631
523.444263252199	625.651799789144	423.856487179988
84.1603323640043	124.256385381749	85.1476405988655
675.757962805094	596.012661991663	497.713832892816
788.961860847656	617.102048501409	442.673645323383
11.2213776485339	12.5396352220114	12.9367962235845
1229.23591329308	1056.93925363711	779.971205043751
25.5781402282758	28.6891654321776	27.7553082615086
937.150053912119	1126.47723077736	768.210481204129
1017.51492030677	997.470983569088	773.620414170355
1069.66132232054	849.275294581681	677.417693162245
1633.2055086403	1182.33560585723	1019.65475689525
912.562035241067	733.568660487666	603.325132972624
42.2451864415394	39.518850396642	31.7539543669802
420.30660104141	516.784966725318	379.165736589423
38.7797609912569	57.5683253374159	39.7512465779234
35.4793558005116	38.3788835582773	33.6356701813198
487.304826413539	664.030683347421	452.317438871874
27.0633225641112	30.9690991089069	32.69481227415
33.4991126860645	41.228800654189	32.9300267509424
23.2678565947541	19.1894417791386	19.7580160505655
32.6740113883782	48.4485906304986	31.5187398901878
1849.21702837457	1711.28021885843	1296.03176712638
33.9941734646763	43.5087343309183	34.3413136116971
489.945150566135	604.562413279398	453.023082302251
299.67679131967	339.330128886551	258.971138948483
11.7164384271457	10.8296849644644	12.2311527932072
111.058634668578	141.54588243028	103.729584265469
9.07611427454949	10.4496960183428	12.4663672699996
103.632722989401	150.855611610258	87.9702143203748
730.87472949054	886.514211301593	645.663738795264
20.6275324421579	30.9690991089069	16.4650133754712
24.5880186710522	32.8690438395147	16.4650133754712
30.0336872357819	39.3288559235812	37.6343162867914
385.652346538585	273.592041207521	255.678136273389
22.6077755566051	40.8488117080674	25.8735924471691
289.280514968823	325.080543406992	237.331407083578
21.1225932207697	26.599226228509	17.8763002362259
698.035697842624	919.383255141108	723.990159567149
673.447679171572	914.253404368467	636.019945246774
1005.79848187962	890.124106289748	651.544100715076
32.0139303502291	41.9887785464321	29.8722385526406
190.268359246465	262.762356243057	177.351715501504
34.8192747623626	39.518850396642	24.9327345399993
660.576098927665	657.570871263355	498.654690799986
848.039113761997	680.940191449831	514.178846268287
671.797476576199	708.489390043644	559.340025812437
537.636005572404	611.212219836525	491.127827542627
27.8884238617975	31.3490880550285	24.2270911096219
35.4793558005116	42.938750911736	34.3413136116971
607.274555097129	562.953623679087	391.867318336215
29.7036467167074	35.1489775162441	28.6961661686784
23.5978971138287	35.9089554084872	24.9327345399993
49.0110170825672	52.4384745647749	41.6329623922629
35.9744165791234	51.488502199471	40.2216755315083
534.830661160271	648.831125502559	471.840240445647
591.432610181552	675.620346204129	481.719248470929
136.966815415929	149.525650298833	91.4984314722615
535.160701679345	421.787730194929	398.453323686404
1332.37357550386	1085.81841354235	887.464220937899
46.7007334490455	44.648701169283	37.3991018099989
48.6809765634927	48.6385851035593	40.2216755315083
17.3271272514127	18.6194583599563	16.4650133754712
29.8686669762447	35.9089554084872	26.5792358775464
901.175637332995	556.30381712196	500.771621091118
38.1196799531078	48.068601684377	31.2835254133953
25.083079449664	26.2192372823875	15.9945844218863
1307.45551631374	1008.49066300661	839.48046767224
51.8163614947007	64.2181318945432	46.3372519281119
39.9349028080177	38.7588725043988	36.6934583796216
791.76720525979	605.13239669858	491.36304201942
283.339785625481	283.09176486056	204.401380332636
861.570775044052	940.092652704733	731.7522373013
69.1434887461134	87.587452081019	70.5643430377338
61.2225162883247	69.537977140245	51.7471848943381
30.8587885334683	27.3592041207521	26.5792358775464
16.5020259537263	18.049474940774	18.1115147130183
68.9784684865761	79.4176897394055	79.9729221094317
601.8288865324	551.173966349319	435.146782066025
414.530891957606	524.764734593871	334.945414952443
549.35244399955	564.663573936634	433.265066251686
1231.87623744567	1136.73693232264	938.035333448275
22.2777350375306	23.7493091325973	23.9918766328295
68.1533671888898	76.9477615896154	55.7458309998097
25.5781402282758	32.6790493664539	27.2848793079237
53.6315843496106	45.7886680076477	47.7485387888665
18.3172488086362	27.3592041207521	24.9327345399993
25.083079449664	28.6891654321776	32.69481227415
653.150187248488	871.694642402853	660.011821879604
17.9872082895617	14.8195688987407	21.8749463416975
22.4427552970678	19.1894417791386	25.8735924471691
941.27556040055	832.175792006211	612.263283090737
243.239862557926	243.762908936979	180.409503699806
31.5188695716173	44.2687122231614	29.6370240758482
25.4131199687386	18.8094528330171	25.1679490167917
503.146771329116	371.629189306883	291.901165699426
52.641462792387	57.9483142835375	41.8681768690554
1315.37648877153	1118.4974629088	965.555427232991
1094.24934099159	1078.59862356604	908.868738326011
465.357131895083	566.18352972112	409.273189618856
44.2254295559866	51.1085132533495	40.9273189618856
722.128655735065	599.052573560635	505.946339580551
34.3242139837508	29.4491433244207	24.4623055864144
171.456049659217	140.025926645794	117.136809442638
81.8500487304826	57.1883363912944	51.5119704175457
238.454275031346	198.354229875453	162.768417940373
477.733651360378	563.52360709827	355.879503386971
780.545827611256	709.059373462826	544.051084820928
37.1295583958843	30.9690991089069	36.928672856414
1196.72692216423	936.8627466627	755.508899457337
24.2579781519777	22.2293533481111	24.2270911096219
49.8361183802535	56.8083474451728	43.2794637298101
601.663866272862	673.3404125274	530.643859643758
967.84382218605	693.859815617964	581.920615584511
106.933128180147	134.13609798091	90.7927880418842
934.509729759523	884.994255517107	612.733712044322
181.192244971915	212.793809828072	138.070897877166
23.5978971138287	30.2091212166638	24.9327345399993
96.2068113102246	97.6571591532402	55.9810454766022
708.431974193472	616.532065082227	464.783806141873
525.919567145258	524.194751174688	339.649704488292
82.5101297686317	88.1574355002013	70.5643430377338
54.9517464259087	45.0286901154045	28.6961661686784
1170.65372115735	992.341132796447	743.983390094507
9.57117505316128	10.259701545282	15.9945844218863
510.902723527367	480.876011316831	398.453323686404
378.391455118945	340.850084671037	219.455106847352
307.432743517922	339.900112305733	223.218538476031
603.64410938731	423.877669398597	364.347224551499
1186.16562555385	1194.49525213312	950.736915195067
3.79546596935706	5.50983971876258	4.23386058226403
30.8587885334683	35.9089554084872	31.0483109366029
23.5978971138287	30.2091212166638	22.5805897720748
875.927537623794	695.569765875511	591.564409133002
1181.71007854634	870.174686618366	698.822210550357
779.72072631357	746.868273601921	526.409999061494
519.318756763768	335.530239425335	322.714262159236
54.4566856472969	49.9685464149848	43.5146782066025
80.0348258755727	87.9674410271405	71.2699864681111
23.9279376329032	13.2996131142545	14.8185120379241
12.7065599843693	8.16976234161348	8.7029356413205
1317.68677240505	1160.10625250911	1006.71796067167
1340.78960874027	1034.709900289	763.976620621865
59.7373339524894	60.6082369063884	51.7471848943381
1049.85889117607	849.465289054741	799.494006617524
110.728594149504	89.4873968116268	100.907010543959
79.3747448374237	81.8876178891956	65.1544100715075
715.032784574962	667.640578335576	568.983819360927
77.3945017229765	76.1877836973722	71.2699864681111
332.84586348666	230.843284768846	230.980616210182
155.119043965028	152.375567394744	141.834329505845
856.620167257934	623.371866112415	577.686755002247
100.662358317731	87.3974576079582	82.795495830941
744.73643129167	580.053126254557	529.703001736588
264.362455778696	295.631400082572	251.209061214332
170.135887582919	136.796020603761	157.828913927731
622.951479753169	668.210561754759	559.340025812437
36.6344976172725	50.9185187802887	32.9300267509424
132.181227889348	137.745992969065	130.308820143015
76.8994409443647	68.2080158288195	58.8036191981115
238.619295290883	176.314871000403	155.241554683014
179.872082895617	144.395799526192	163.238846893958
37.7896394340333	44.648701169283	41.6329623922629
48.1859157848809	46.35865142683	43.0442492530176
45.710611891822	48.068601684377	47.2781098352816
36.4694773577352	42.3687674925536	39.045603147546
95.0516694934637	91.3873415422345	81.1489944933939
601.003785234713	593.162744895751	501.477264521495
598.858521860729	587.842899650049	472.310669399232
36.3044570981979	42.1787730194929	33.6356701813198
45.2155511132102	41.6087896003105	49.3950401264137
931.04430430924	671.06047885067	602.619489542247
70.6286710819487	56.0483695529297	63.7431232107529
91.7512643027185	69.537977140245	63.272694257168
282.844724846869	269.412162800184	250.97384673754
161.554834086981	154.465506598413	154.771125729429
27.558383342723	28.309176486056	29.6370240758482
1665.38445925006	1359.79044369599	1228.99564124053
1469.01035040072	1143.38673887977	964.849783802614
135.316612820556	126.726313531539	100.671796067167
244.22998411515	213.933776666437	227.687613535088
80.19984613511	86.8274741887759	74.0925601896205
104.9528850657	118.176562243804	91.733645949054
166.175401354024	154.085517652291	147.244262472071
84.9854336616906	79.2276952663447	77.6207773415072
163.865117720503	128.436263789086	127.486246421506
130.696045553513	118.366556716865	104.905656649431
1099.03492851817	904.943675188489	752.451111259035
68.318387448427	76.1877836973722	57.8627612909417
76.404380165753	77.5177450087977	67.506554839432
44.7204903345984	49.2085685227417	43.749892683395
50.6612196779399	51.6784966725318	51.0415414639608
292.085859380956	247.752792871255	226.746755627918
120.464789462202	116.656606459318	105.376085603016
68.1533671888898	69.1579881941234	63.0374797803755
37.6246191744961	44.8386956423438	39.5160321011309
81.5200082114081	84.3575460389857	65.6248390250924
589.947427845717	527.804646162843	470.899382538477
123.60017439341	136.986015076821	117.372023919431
950.186654415563	827.425930179691	667.303470660169
125.910458026932	111.526755686677	109.374731708487
33.9941734646763	31.72907700115	33.1652412277349
46.0406524108965	47.3086237921339	45.6316084977345
28.7135251594838	31.1590935819677	27.5200937847162
381.361819790616	276.061969357311	290.489878838671
277.894117060752	224.57346715784	201.343592134334
43.5653485178375	43.1287453847968	39.045603147546
533.180458564898	520.774850659594	453.493511255836
47.6908550062691	43.3187398578575	41.6329623922629
43.0702877392257	46.7386403729516	34.811742565282
36.1394368386607	36.4789388276695	37.1638873332065
855.630045700711	763.77778170433	620.025360824888
14.3567625797419	10.0697070722213	9.40857907169784
67.3282658912035	76.1877836973722	61.155763966036
72.1138534177841	73.3378666014606	62.8022653035831
665.361686454246	448.196961950377	447.613149336025
52.641462792387	65.3580987329079	55.5106165230173
1232.53631848382	878.534443433041	808.196942258845
490.110170825672	513.365066210224	408.097117234894
40.2649433270923	50.1585408880456	42.3386058226403
2125.95600361856	1693.23074391766	1479.96948797807
467.502395269067	410.00807286516	306.014034306972
375.256070187737	407.53814471537	318.950830530557
1507.79011139198	1189.7453903066	975.199220781481
408.755182873801	402.788282888851	369.051514087348
47.8558752658064	53.7684358762004	51.2767559407532
118.649566607292	129.576230627451	108.433873801318
20.7925527016952	22.7993367672934	16.4650133754712
26.7332820450367	38.5688780313381	27.5200937847162
15.016843617891	16.1495302101662	13.4072251771694
649.684761798206	569.603430236214	416.094409445837
55.776847723595	48.2585961574378	29.6370240758482
21.4526337398442	30.9690991089069	22.3453752952824
61.5525568073992	55.6683806068081	52.217613847923
49.8361183802535	49.5885574688632	38.5751741939611
25.5781402282758	24.1292980787189	22.5805897720748
11.2213776485339	13.6796020603761	12.7015817467921
82.675150028169	109.436816483009	93.850576240186
41.4200851438531	47.4986182651947	40.4568900083007
525.259486107109	566.753513140303	431.618564914138
23.1028363352169	31.1590935819677	24.2270911096219
340.1067549063	332.680322329423	251.91470464471
420.636641560484	358.899559611811	257.089423134143
19.9674514040089	20.1394141444425	20.2284450041504
654.305329065249	546.61409899586	374.931876007159
18.152228549099	13.2996131142545	20.2284450041504
805.298866541845	654.150970748261	498.419476323193
14.8518233583537	13.1096186411937	11.5255093628299
810.579514847038	688.919959318383	533.466433365268
32.3439708693036	31.9190714742108	24.4623055864144
1286.66296361204	1184.23555058783	886.523363030729
20.1324716635461	26.599226228509	14.5832975611317
876.092557883331	847.185355378012	645.898953272057
20.2974919230834	26.7892207015698	20.2284450041504
66.8332051125917	72.957877655339	54.334544139055
1050.35395195468	950.732343196136	747.982036199978
16.8320664728009	16.339524683227	11.9959383164147
283.669826144556	179.924765988557	169.354423290561
882.858388524359	881.954343948135	635.784730769982
17.3271272514127	19.9494196713818	18.1115147130183
790.282022923954	805.006582358519	587.330548550738
27.2283428236485	28.4991709591168	23.5214476792446
16.5020259537263	27.1692096476913	19.9932305273579
414.86093247668	586.702932811684	389.985602521875
443.904498155239	578.533170470071	399.864610547158
31.1888290525428	50.5385298341671	30.8130964598104
676.418043843243	920.713216452533	617.202787103378
40.9250243652413	62.698176110057	32.4595977973576
712.227440162829	788.287068729171	517.707063420174
148.518233583537	170.995025754701	134.777895202072
159.739611232071	171.755003646944	108.66908827811
417.171216110202	411.908017595768	292.37159465301
45.3805713727474	47.3086237921339	40.4568900083007
22.6077755566051	29.8291322705422	19.2875870969806
759.588254650023	797.596797909149	601.208202681492
228.718079718647	276.441958303433	183.937720851693
949.196532858339	759.977892243115	657.189248158094
840.118141304208	806.336543669945	603.795561926209
6.27076986241601	6.07982313794492	5.17471848943381
1390.29568660144	1145.28668361037	836.65789395073
70.4636508224115	56.9983419182336	43.0442492530176
445.554700750611	530.654563258755	363.641581121122
567.009611770037	516.214983306136	342.001849256217
1080.38763919046	843.955449335979	637.196017630736
56.4369287617441	68.5880047749411	42.1033913458478
51.3213007160889	53.9584303492611	48.4541822192439
153.303821110118	195.884301725663	158.299342881316
390.76797458424	477.076121855615	401.746326361498
378.391455118945	427.487564386752	325.301621403953
40.4299635866295	43.3187398578575	35.5173859956593
817.510365747603	581.763076512104	508.533698825268
35.9744165791234	29.8291322705422	29.1665951222633
852.329640509965	880.434388163648	661.423108740358
24.7530389305895	25.2692649170836	24.4623055864144
1014.37953537556	953.96224923817	686.826272233942
810.249474327963	626.98176110057	474.662814167156
1296.72919944382	960.042072376115	790.320642022619
482.684259146495	520.394861713473	398.218109209611
18.4822690681735	13.8695965334368	14.3480830843392
1054.97451922172	817.926206526652	576.745897095078
622.29139871502	428.437536752056	353.997787572631
79.5397650969609	68.2080158288195	46.8076808816968
914.707298615051	722.35898657708	550.166661217531
126.570539065081	94.8072420573286	72.4460588520734
11.881458686683	14.4395799526192	12.2311527932072
676.58306410278	773.847488776551	551.813162555078
1263.8901677959	1051.04942497223	783.028993242053
62.3776581050856	63.4581540023001	59.7444771052813
770.314571519946	594.492706207176	438.674999217912
148.518233583537	226.663406361509	125.839745083959
143.237585278345	175.554893108159	124.428458223204
619.651074562424	693.669821144903	540.052438715456
29.5386264571701	27.1692096476913	25.1679490167917
468.162476307216	412.478001014951	377.754449728668
19.1423501063226	19.3794362521994	16.4650133754712
70.4636508224115	68.5880047749411	50.100683556791
1112.8966303193	797.216808963027	635.784730769982
754.472626604368	561.433667894601	548.755374356777
15.5119043965028	19.5694307252602	17.6410857594335
1372.47349857142	1035.6598726543	711.288577820357
32.1789506097664	31.3490880550285	26.5792358775464
888.964138127238	914.253404368467	689.413631478659
16.3370056941891	17.4794915215916	18.1115147130183
439.118910628658	357.189609354264	282.022157674143
229.378160756796	146.865727675982	100.201367113582
14.5217828392792	9.68971812609971	11.5255093628299
20.2974919230834	8.54975128773504	11.5255093628299
52.4764425328498	45.4086790615261	34.5765280884896
425.917289865677	535.024436139153	340.825776872254
86.6356362570633	99.3671094107872	88.9110722275446
31.1888290525428	34.7689885701225	29.6370240758482
29.7036467167074	38.5688780313381	30.3426675062255
43.4003282583003	51.6784966725318	39.7512465779234
25.5781402282758	28.1191820129952	25.6383779703766
441.924255040791	490.185740496809	326.712908264707
31.6838898311546	41.4187951272498	26.1088069239615
631.202492730033	502.72537571882	391.39688938263
26.0732010068876	29.0691543782991	23.756662156037
35.3143355409744	39.3288559235812	30.1074530294331
1060.75022830553	790.5670024059	753.627183642997
5.77570908380422	6.45981208406648	6.58600535018849
646.879417386073	580.8131041468	445.966647998478
28.7135251594838	28.6891654321776	22.8158042488673
601.8288865324	567.323496559485	410.214047526026
7.59093193871412	10.6396904914036	5.6451474430187
1122.30278511293	860.104979546145	684.474127466018
30.0336872357819	34.3889996240009	22.5805897720748
30.0336872357819	29.8291322705422	24.4623055864144
6895.53656502409	6565.06902214215	5332.07697440796
243.899943596075	234.833168703122	180.879932653391
34.1591937242135	30.2091212166638	25.4031634935842
358.919064493548	294.301438771146	226.98197010471
23.5978971138287	22.7993367672934	24.2270911096219
903.32090070698	829.70586385642	600.267344774322
20.1324716635461	12.919624168133	13.6424396539619
21.1225932207697	23.7493091325973	16.4650133754712
1127.74845367766	676.760313042494	563.338671917908
15.3468841369655	18.8094528330171	13.4072251771694
309.247966372832	324.320565514749	264.145857437917
1178.07963283652	973.721674436491	805.84479749092
34.8192747623626	36.4789388276695	35.0469570420745
25.083079449664	18.8094528330171	25.8735924471691
49.1760373421045	40.6588172350066	37.6343162867914
62.047617586011	77.3277505357369	45.6316084977345
301.49201417458	312.540908184981	227.452399058295
100.662358317731	94.9972365303893	71.9756298984885
413.870810919457	401.078332631304	320.597331868104
698.860799140311	640.661363160946	479.367103703005
285.320028739928	407.348150242309	256.854208657351
23.1028363352169	33.6290217317578	26.1088069239615
16.8320664728009	20.5194030905641	20.2284450041504
881.703246707598	1112.60763424392	757.625829748469
75.0842180894549	87.587452081019	67.506554839432
65.6780632958308	77.5177450087977	58.3331902445266
1463.23464131691	1123.81730815451	932.625400482048
37.1295583958843	31.9190714742108	32.69481227415
29.5386264571701	40.2788282888851	25.8735924471691
28.3834846404093	30.5891101627854	23.5214476792446
48.1859157848809	62.5081816369962	46.5724664049043
1561.09165522251	1073.65876726646	1002.01367113582
754.307606344831	623.561860585476	429.972063576591
49.3410576016418	56.0483695529297	39.2808176243385
1041.44285793967	870.554675564488	741.160816372997
118.81458686683	126.536319058479	99.4957236832047
696.385495247251	629.261694777299	464.313377188288
27.8884238617975	45.5986735345869	29.8722385526406
34.1591937242135	37.0489222468518	25.6383779703766
456.446037880071	623.181871639354	451.611795441496
28.218464380872	37.2389167199126	26.1088069239615
23.9279376329032	37.9988946121557	23.5214476792446
733.185013124061	951.302326615319	663.069610077905
12.3765194652948	19.9494196713818	20.9340884345277
23.2678565947541	29.0691543782991	19.2875870969806
24.0929578924405	38.1888890852165	20.2284450041504
24.9180591901268	29.4491433244207	24.6975200632068
25.4131199687386	19.759425198321	23.0510187256597
21.4526337398442	23.3693201864758	21.8749463416975
22.1127147779933	27.3592041207521	22.3453752952824
1384.85001803671	1183.28557822253	925.804180655068
24.9180591901268	32.4890548933932	23.0510187256597
77.8895625015883	94.8072420573286	79.5024931558468
472.453003055185	347.309896755103	283.433444534897
653.975288546175	586.892927284745	443.144074276968
20.9575729612325	18.2394694138348	19.9932305273579
34.9842950218998	39.1388614505204	30.1074530294331
29.7036467167074	39.1388614505204	28.9313806454709
1076.59217322111	1194.87524107924	847.948188836768
1450.69310159208	1086.38839696153	878.290856342993
25.5781402282758	34.9589830431833	26.8144503543388
303.472257289027	381.508901906044	290.725093315463
12.8715802439065	11.9696518028291	15.5241554683014
621.301277157797	596.202656464723	440.321500555459
36.964538136347	38.9488669774596	25.8735924471691
23.7629173733659	30.3991156897246	24.6975200632068
37.4595989149588	37.4289111929734	32.2243833205651
70.4636508224115	86.6374797157151	73.857345712828
37.6246191744961	45.4086790615261	34.5765280884896
26.8983023045739	25.0792704440228	25.6383779703766
33.1690721669899	41.6087896003105	32.9300267509424
585.49188083821	520.774850659594	409.978833049233
27.3933630831857	38.5688780313381	23.2862332024522
32.3439708693036	31.72907700115	24.2270911096219
355.453639043265	386.638752678685	304.602747446218
523.114222733125	644.651247095222	452.552653348666
33.1690721669899	40.4688227619459	23.9918766328295
33.9941734646763	46.35865142683	36.928672856414
25.9081807473504	34.5789940970617	23.2862332024522
34.9842950218998	52.6284690378357	39.045603147546
212.711114543533	290.691543782991	213.809959404333
26.8983023045739	38.5688780313381	30.577881983018
780.545827611256	680.370208030648	518.647921327344
46.2056726704337	51.6784966725318	42.8090347762252
786.981617733209	806.336543669945	628.963510943001
33.829153205139	40.4688227619459	32.2243833205651
1019.82520394029	924.513105913749	723.049301659979
25.2480997092013	28.1191820129952	24.2270911096219
17.1621069918754	19.1894417791386	19.0523726201881
27.0633225641112	32.8690438395147	26.344021400754
1175.93436946254	879.104426852223	689.178417001867
27.558383342723	36.4789388276695	31.7539543669802
1011.07913018481	911.973470691738	632.256513618095
123.60017439341	107.156882806279	101.377439497544
28.8785454190211	31.72907700115	24.4623055864144
577.405888120885	484.485906304986	429.031205669422
24.422998411515	33.2490327856363	19.9932305273579
747.376755444266	601.142512764304	481.719248470929
35.3143355409744	37.0489222468518	27.5200937847162
36.964538136347	51.1085132533495	37.6343162867914
26.5682617854994	29.6391377974815	25.1679490167917
20.1324716635461	19.3794362521994	21.8749463416975
38.4497204721824	52.2484800917141	40.9273189618856
505.292034703101	474.606193705825	366.934583796216
59.5723136929521	70.1079605594273	46.3372519281119
403.309514309072	286.891654321776	236.155334699616
15.016843617891	12.919624168133	15.7593699450939
26.4032415259621	37.6189056660342	24.6975200632068
798.863076419892	877.774465540797	777.148631322242
30.1987074953192	23.179325713415	24.6975200632068
26.8983023045739	29.0691543782991	22.1101608184899
1238.80708834624	1120.77739658553	814.312518655448
25.083079449664	27.9291875399345	21.639731864905
1048.37370884023	851.55522825841	678.123336592622
40.2649433270923	38.9488669774596	44.2203216369799
22.4427552970678	23.9393036056581	17.8763002362259
30.8587885334683	36.8589277737911	23.2862332024522
793.417407855162	607.412330375309	484.777036669231
30.693768273931	36.6689333007303	27.0496648311313
738.135620910179	786.197129525502	628.963510943001
1452.67334470653	1230.97419096078	934.74233077318
35.9744165791234	40.2788282888851	26.8144503543388
47.6908550062691	54.1484248223219	44.2203216369799
197.19921014703	255.922555212869	175.469999687165
79.5397650969609	74.667827912886	65.6248390250924
42.4102067010767	48.6385851035593	39.5160321011309
441.759234781254	395.18850396642	269.791004880936
23.5978971138287	25.2692649170836	21.639731864905
706.451731079025	610.452241944282	430.912921483761
788.466800069044	950.542348723076	696.23485130564
498.196163542998	660.610782832327	472.075454922439
24.0929578924405	33.0590383125755	30.3426675062255
559.748720350397	626.411777681387	449.494865150364
37.9546596935706	43.3187398578575	34.5765280884896
934.67475001906	763.967776177391	718.580226600923
499.351305359759	478.976066586223	399.394181593573
16.8320664728009	19.5694307252602	15.7593699450939
593.907914074611	558.583750798689	412.095763340365
23.7629173733659	36.8589277737911	19.0523726201881
437.963768811897	574.923275481916	445.2610045681
195.218967032583	263.5223341353	217.102962079428
480.208955253436	501.205419934334	371.16844437848
329.380438036378	517.734939090622	354.703431003009
219.806985703635	211.843837462768	166.767064045844
33.6641329456017	38.3788835582773	28.6961661686784
17.8221880300244	23.179325713415	15.7593699450939
362.714530462905	580.053126254557	383.399597171687
209.410709352787	287.271643267897	210.987385682824
369.315340844395	299.811278489909	209.576098822069
53.3015438305361	68.9679937210627	48.9246111728288
18.812309587248	22.7993367672934	19.522801573773
26.5682617854994	32.4890548933932	20.4636594809428
20.7925527016952	24.889275970962	24.2270911096219
28.8785454190211	26.9792151746306	20.4636594809428
1793.93524142959	1716.7900585772	1268.51167334166
15.5119043965028	13.1096186411937	14.8185120379241
1276.76174803981	1046.48955761877	689.648845955452
23.7629173733659	34.7689885701225	29.1665951222633
638.628404409209	449.146934315681	320.126902914519
36.3044570981979	47.1186293190731	36.2230294260367
911.406893424306	656.43090442499	552.048377031871
1750.03985239268	1182.14561138416	958.498992929217
37.4595989149588	41.6087896003105	34.811742565282
737.310519612493	591.072805692082	521.705709525645
14.3567625797419	17.0995025754701	15.9945844218863
26.8983023045739	30.5891101627854	23.5214476792446
1230.39105510984	1007.54069064131	860.64977058356
25.4131199687386	37.9988946121557	24.9327345399993
371.955664996992	364.599393803634	300.133672387161
567.834713067723	760.737870135358	494.185615740929
31.1888290525428	39.3288559235812	29.4018095990558
14.6868030988164	10.8296849644644	12.4663672699996
39.6048622889432	50.7285243072279	35.0469570420745
52.4764425328498	63.6481484753609	50.8063269871683
492.585474718731	618.052020866713	464.313377188288
905.631184340501	676.760313042494	523.1169963864
19.9674514040089	20.7093975636249	16.9354423290561
256.441483320907	292.971477459721	238.272264990748
72.6089141963959	96.3271978418148	77.1503483879223
35.3143355409744	32.2990604203324	24.9327345399993
18.812309587248	22.4193478211719	16.2297988986788
34.9842950218998	36.2889443546087	25.4031634935842
46.5357131895083	66.3080710982118	55.7458309998097
20.7925527016952	26.9792151746306	24.4623055864144
22.4427552970678	22.7993367672934	16.2297988986788
812.22971744241	802.156665262608	640.724234782623
170.795968621068	118.746545662987	105.376085603016
1236.49680471271	1083.53847986562	753.391969166205
39.7698825484805	36.8589277737911	32.4595977973576
830.216925731972	632.301606346271	508.298484348476
304.462378846251	226.093422942327	199.697090796787
24.422998411515	34.9589830431833	28.460951691886
370.305462401619	428.247542278995	284.374302442067
434.003282583003	488.855779185383	336.121487336405
26.4032415259621	35.1489775162441	17.8763002362259
238.78431555042	270.362135165488	201.814021087919
51.1562804565516	64.7881153137255	42.8090347762252
47.5258347467319	60.9882258525099	52.217613847923
468.657537085828	556.493811595021	382.458739264517
618.330912486126	597.152628830027	453.963940209421
26.2382212664249	24.889275970962	16.9354423290561
79.2097245778864	98.4171370454833	66.5656969322622
463.376888780636	612.35218667489	355.173859956594
17.9872082895617	21.8493644019895	15.288940991509
21.6176539993815	26.4092317554482	19.522801573773
50.4961994184026	54.7184082415043	43.9851071601874
798.202995381743	665.550639131908	481.719248470929
653.6452480271	676.000335150251	495.596902601684
28.218464380872	23.7493091325973	24.9327345399993
32.1789506097664	33.8190162048186	36.4582439028291
15.016843617891	11.9696518028291	17.405871282641
639.453505706896	551.173966349319	405.039329036592
109.903492851817	128.816252735208	101.612653974337
28.7135251594838	25.0792704440228	24.2270911096219
220.467066741784	331.92034443718	209.340884345277
34.3242139837508	43.3187398578575	33.6356701813198
1412.57342163897	1107.47778347128	869.352706224881
24.5880186710522	24.6992814979012	22.3453752952824
250.83079449664	292.78148298666	213.809959404333
37.7896394340333	52.6284690378357	42.1033913458478
18.9773298467853	17.8594804677132	18.3467291898108
2100.37786339029	1544.84506045719	1279.09632479732
21.287613480307	19.759425198321	22.3453752952824
888.469077348626	764.347765123513	572.982465466398
31.0238087930055	42.5587619656144	23.756662156037
377.401333561721	349.969819377954	289.784235408294
775.100159046526	648.071147610316	445.731433521685
14.1917423202047	14.4395799526192	16.2297988986788
27.2283428236485	31.5390825280893	24.6975200632068
785.496435397374	876.444504229372	604.736419833379
541.926532320373	597.72261224921	460.549945559609
211.225932207697	294.111444298085	184.878578758863
856.620167257934	894.683973643207	642.135521643378
23.7629173733659	32.4890548933932	26.5792358775464
13.0366005034438	19.9494196713818	14.8185120379241
947.711350522504	1114.88756792065	879.466928726956
30.0336872357819	27.7391930668737	23.756662156037
41.7501256629276	39.3288559235812	31.5187398901878
37.1295583958843	56.0483695529297	46.5724664049043
1578.41878247392	1295.57231180145	1161.4890864011
1227.25567017863	818.116200999713	621.20143320885
65.6780632958308	83.0275847275603	62.5670508267906
807.939190694442	838.065620671095	640.253805829038
38.6147407317196	48.2585961574378	34.3413136116971
37.6246191744961	47.1186293190731	37.8695307635838
12.7065599843693	14.2495854795584	15.7593699450939
20.4625121826207	24.889275970962	21.639731864905
500.176406657445	628.691711358117	450.906152011119
42.0801661820022	56.2383640259905	35.5173859956593
681.533671888898	590.882811219022	402.216755315083
192.248602360912	247.942787344316	170.295281197731
31.0238087930055	34.3889996240009	29.4018095990558
38.7797609912569	38.7588725043988	32.9300267509424
625.92184442484	603.992429860215	421.739556888856
1253.32887118552	861.624935330631	746.335534862431
22.6077755566051	21.8493644019895	29.1665951222633
605.954393020831	558.203761852568	451.847009918289
43.235307998763	52.6284690378357	38.3399597171687
49.1760373421045	50.5385298341671	41.1625334386781
4.12550648843158	5.12985077264102	4.23386058226403
770.64461203902	689.489942737566	509.944985686023
838.79797922791	825.335990976023	697.881352643187
697.045576285401	491.135712862113	377.754449728668
108.748351035057	109.246822009948	96.4379354849029
36.7995178768097	49.9685464149848	49.6302546032061
47.1957942276573	65.9280821520902	50.5711125103759
647.374478164684	581.193093092922	444.320146660931
10.0662358317731	13.4896075873153	11.5255093628299
1038.14245274892	919.003266194986	731.281808347715
381.526840050153	249.272748655742	213.104315973956
61.7175770669365	74.4778334398252	61.3909784428284
35.3143355409744	36.8589277737911	30.577881983018
25.2480997092013	24.3192925517797	24.9327345399993
1099.86002981586	880.624382636709	735.986097883564
67.3282658912035	63.8381429484216	51.0415414639608
32.0139303502291	36.2889443546087	27.2848793079237
62.5426783646228	78.2777229010408	55.2754020462248
264.692496297771	276.821947249555	197.344946028862
31.6838898311546	43.8887232770399	25.1679490167917
385.652346538585	324.130571041688	229.80454382622
30.1987074953192	38.5688780313381	35.5173859956593
53.1365235709988	62.5081816369962	42.3386058226403
39.7698825484805	43.8887232770399	37.8695307635838
109.243411813668	91.1973470691738	88.6758577507521
22.1127147779933	25.4592593901443	21.639731864905
660.411078668128	498.355502838422	386.222170893196
27.0633225641112	24.1292980787189	20.4636594809428
28.0534441213348	30.5891101627854	23.0510187256597
16.6670462132636	32.8690438395147	19.9932305273579
30.693768273931	31.5390825280893	25.6383779703766
274.428691610469	334.580267060031	238.037050513955
268.157921748053	425.587619656144	262.734570577162
1133.52416276146	923.753128021506	740.45517294262
27.2283428236485	32.1090659472716	23.0510187256597
31.6838898311546	36.4789388276695	30.1074530294331
985.666010216074	901.333780200334	705.643430377338
26.8983023045739	31.72907700115	29.4018095990558
468.327496566753	531.224546677937	349.05828355999
34.4892342432881	40.0888338158243	23.2862332024522
539.946289205926	405.448205511702	328.124195125462
7.42591167917685	10.0697070722213	15.0537265147165
723.118777292288	652.441020490714	533.466433365268
43.8953890369121	48.068601684377	33.8708846581122
28.8785454190211	26.7892207015698	29.1665951222633
14.8518233583537	21.8493644019895	19.2875870969806
29.7036467167074	41.228800654189	35.2821715188669
55.116766685446	49.9685464149848	40.6921044850932
334.826106601107	364.409399330573	290.725093315463
23.4328768542914	24.5092870248404	23.9918766328295
232.348525428467	326.9804881376	215.221246265088
332.350802708048	283.09176486056	203.695736902258
74.4241370513058	82.4576013083779	71.5052009449036
764.373842176604	770.237593788397	606.618135647718
28.3834846404093	24.3192925517797	18.1115147130183
28.3834846404093	36.0989498815479	25.8735924471691
39.439842029406	38.7588725043988	34.1060991349047
785.496435397374	621.091932435685	492.30389992659
588.462245509881	553.073911079927	399.158967116781
729.224526895167	712.099285031798	548.049730926399
492.090413940119	374.859095348916	309.777465935651
273.273549793708	213.553787720315	201.814021087919
30.3637277548565	36.2889443546087	28.460951691886
17.1621069918754	11.0196794375252	9.87900802528273
36.4694773577352	40.0888338158243	37.8695307635838
1110.58634668578	943.512553219827	738.808671605073
1537.98881888729	1216.15462206204	1070.93151283601
26.4032415259621	19.3794362521994	23.5214476792446
31.5188695716173	34.0090106778794	26.5792358775464
32.6740113883782	41.4187951272498	26.344021400754
28.3834846404093	35.9089554084872	30.8130964598104
29.3736061976329	32.4890548933932	24.9327345399993
41.7501256629276	54.5284137684435	39.7512465779234
472.122962536111	645.031236041344	405.744972466969
105.447945844311	151.23560055638	106.316943510186
362.38448994383	388.158708463171	290.254664361878
106.438067401535	75.4278058051291	60.9205494892435
34.9842950218998	39.518850396642	30.1074530294331
37.1295583958843	48.2585961574378	37.8695307635838
41.5851054033904	39.3288559235812	33.4004557045273
412.880689362233	502.345386772699	365.523296935461
181.52228549099	194.364345941177	130.7792490966
102.642601432178	92.1473194344777	75.2686325735827
41.4200851438531	52.0584856186534	40.2216755315083
496.545960947626	649.591103394802	412.801406770743
30.0336872357819	36.6689333007303	32.4595977973576
687.474401232239	584.422999134955	467.841594340175
52.1464020137752	68.0180213557588	52.9232572783004
681.038611110286	746.488284655799	526.880428015079
23.5978971138287	30.9690991089069	25.4031634935842
33.9941734646763	43.3187398578575	17.1706568058486
28.7135251594838	34.5789940970617	22.3453752952824
33.9941734646763	42.7487564386752	27.7553082615086
1167.3533159666	951.112332142258	814.312518655448
54.9517464259087	68.2080158288195	48.2189677424514
213.371195581682	273.782035680582	194.28715783056
30.5287480143937	45.7886680076477	23.0510187256597
21.287613480307	20.7093975636249	23.756662156037
602.488967570549	506.715259653097	424.326916133573
11.0563573889966	7.78977339549193	8.7029356413205
38.6147407317196	52.6284690378357	31.9891688437727
519.153736504231	350.349808324076	292.842023606595
102.972641951252	107.34687727934	87.7349998435824
36.6344976172725	42.1787730194929	40.6921044850932
740.280884284164	580.053126254557	409.273189618856
19.3073703658598	22.7993367672934	16.4650133754712
39.1098015103314	36.8589277737911	30.3426675062255
315.023675456636	243.95290341004	222.983323999239
12.8715802439065	14.2495854795584	18.3467291898108
450.670328796266	574.923275481916	414.212693631497
79.2097245778864	60.2282479602668	72.9164878056583
684.339016301031	511.845110425738	369.757157517725
14.3567625797419	14.4395799526192	17.8763002362259
28.7135251594838	37.2389167199126	23.5214476792446
452.320531391639	619.191987705078	381.517881357347
17.6571677704872	21.469375455868	17.1706568058486
998.537590459981	588.03289412311	514.884489698664
34.4892342432881	44.8386956423438	28.2257372150935
14.5217828392792	17.2894970485309	15.288940991509
1089.29873320548	844.3354382821	678.123336592622
36.964538136347	41.4187951272498	40.9273189618856
737.970600650642	953.582260292048	679.769837930169
24.9180591901268	21.0893865097464	26.344021400754
809.589393289814	600.952518291243	463.372519281119
243.734923336538	361.749476707723	213.339530450749
74.0940965322313	87.2074631348974	60.9205494892435
16.5020259537263	30.5891101627854	14.1128686075468
486.64474537539	378.658984810132	329.065053032632
145.877909430941	138.315976388247	90.0871446115068
94.0615479362401	91.3873415422345	84.6772116452806
620.311155600573	547.754065834225	436.087639973195
30.3637277548565	35.7189609354264	29.6370240758482
665.196666194709	872.454620295096	597.444771052813
47.0307739681201	39.7088448697027	32.2243833205651
18.4822690681735	17.0995025754701	16.9354423290561
34.1591937242135	40.0888338158243	35.0469570420745
26.0732010068876	40.4688227619459	25.1679490167917
40.099923067555	31.1590935819677	35.0469570420745
152.973780591043	111.146766740556	109.139517231695
931.869405606926	747.438257021103	640.724234782623
726.089141963959	617.29204297447	470.664168061685
38.7797609912569	43.8887232770399	31.5187398901878
813.219838999634	739.078500206429	548.990588833569
15.8419449155773	12.1596462758898	15.7593699450939
182.677427307751	157.315423694325	131.72010700377
24.7530389305895	23.7493091325973	23.5214476792446
50.8262399374771	65.1681042598471	44.2203216369799
23.1028363352169	28.8791599052384	27.5200937847162
38.9447812507942	27.9291875399345	24.6975200632068
121.7849515385	111.716750159738	104.670442172638
68.4834077079643	93.4772807459031	87.2645708899975
1062.89549167951	861.624935330631	654.601888913377
26.7332820450367	29.2591488513599	24.6975200632068
328.555336738691	224.57346715784	210.046527775654
1150.19120897473	1095.31813719539	799.964435571109
910.581792126619	652.631014963775	541.698940053003
753.977565825756	565.99353524806	442.438430846591
913.717177057827	768.907632476971	573.217679943191
9.07611427454949	16.9095081024093	11.5255093628299
1242.27251379652	843.195471443736	663.775253508283
784.341293580613	993.481099634812	719.521084508092
401.659311713699	561.813656840723	348.823069083197
547.372200885103	701.079605594273	475.603672074326
32.8390316479154	46.9286348460123	32.9300267509424
35.3143355409744	42.1787730194929	35.9878149492442
413.870810919457	587.082921757806	432.324208344516
865.861301792021	989.681210173596	742.33688875696
685.494158117792	874.354565025703	661.423108740358
90.4311022264203	69.3479826671842	65.1544100715075
78.5496435397374	84.167551565925	66.0952679786773
1289.46830802418	969.541796029153	783.028993242053
36.7995178768097	38.9488669774596	37.1638873332065
32.8390316479154	39.518850396642	31.5187398901878
29.3736061976329	33.6290217317578	20.4636594809428
154.95402370549	186.574572545685	153.83026782226
1096.72464488465	787.717085309988	635.314301816397
27.7234036022603	33.2490327856363	30.3426675062255
20.2974919230834	18.9994473060779	20.2284450041504
23.1028363352169	27.9291875399345	23.756662156037
628.397148317899	648.071147610316	473.957170736779
329.710478555452	387.018741624806	277.317868138294
54.9517464259087	62.3181871639354	42.8090347762252
785.001374618762	630.591656088724	488.070039344325
79.5397650969609	76.7577671165546	66.3304824554698
115.019120897473	89.4873968116268	67.7417693162244
1017.01985952815	670.300500958427	576.510682618285
29.5386264571701	45.5986735345869	34.811742565282
17.6571677704872	22.6093422942327	19.522801573773
575.095604487363	419.317802045139	374.931876007159
1186.825706592	814.696300484619	634.608658386019
669.157152423603	500.445442042091	437.734141310742
626.086864684377	601.142512764304	462.666875850741
83.0051905472435	72.3878942361567	69.1530561769791
464.201990078322	309.121007669887	273.789650986407
634.99795869939	467.766392675637	431.618564914138
852.329640509965	637.621451591973	478.89667474942
130.035964515364	109.436816483009	107.257801417355
796.222752267296	982.461420197287	787.968497254694
25.083079449664	22.9893312403542	22.3453752952824
77.2294814634393	88.9174133924444	76.9151339111298
16374.465293104	13256.1043799236	10849.5029565284
9479.91884963717	9178.44299909316	7791.94997270336
31.35384931208	33.0590383125755	32.69481227415
53.7966046091479	71.247927397792	47.0428953584892
587.637144212195	653.390992856018	467.135950909798
24.5880186710522	32.4890548933932	23.9918766328295
28.5485048999466	36.4789388276695	26.8144503543388
10.8913371294594	7.78977339549193	13.6424396539619
8.74607375547496	15.1995578448623	12.7015817467921
663.216423080262	554.593866864413	436.322854449987
89.7710211882713	110.006799902191	79.2672786790543
165.515320315875	219.63361085826	132.66096491094
416.346114812516	416.657879422288	299.663243433576
17.4921475109499	23.3693201864758	25.1679490167917
33.1690721669899	43.6987288039791	33.4004557045273
976.919936460599	741.928417302341	582.626259014889
16.8320664728009	23.179325713415	16.2297988986788
15.8419449155773	19.759425198321	15.9945844218863
492.915515237806	657.000887844173	480.77839056376
31.5188695716173	36.8589277737911	26.1088069239615
32.5089911288409	49.9685464149848	33.1652412277349
935.664871576283	760.737870135358	538.876366331494
21.947694518456	19.759425198321	19.522801573773
477.733651360378	355.859648042838	266.733216682634
41.7501256629276	53.9584303492611	38.3399597171687
743.911329993983	899.813824415848	736.691741313941
19.1423501063226	25.6492538632051	23.2862332024522
541.596491801298	655.860921005808	492.30389992659
17.8221880300244	19.5694307252602	19.0523726201881
253.636138908774	293.351466405842	261.088069239615
40.4299635866295	48.4485906304986	44.2203216369799
26.8983023045739	29.8291322705422	24.9327345399993
1167.3533159666	903.803708350124	762.800548237902
109.903492851817	133.756109034788	101.847868451129
12.2114992057575	14.4395799526192	7.29164878056583
539.12118790824	547.944060307286	413.271835724328
69.8035697842624	107.726866225462	62.0966218732057
218.651843886874	197.974240929331	203.695736902258
719.818372101543	592.212772530447	474.192385213571
713.712622498664	612.162192201829	442.203216369798
551.332687113997	686.070042222472	594.151768377719
902.000738630682	1057.88922600242	754.568041550167
900.845596813921	703.169544797942	528.291714875834
580.541273052093	668.020567281698	502.418122428665
634.99795869939	403.358266308033	361.054221876405
447.039883086447	466.05644241809	370.933229901687
840.943242601894	660.420788359267	554.165307323003
29.0435656785584	30.9690991089069	27.5200937847162
245.220105672373	341.040079144098	225.805897720748
28.218464380872	32.8690438395147	25.1679490167917
148.188193064463	144.965782945374	120.900241071317
183.997589384049	137.745992969065	131.249678050185
438.623849850046	347.879880174286	315.187398901878
145.712889171404	131.476175358059	120.900241071317
53.6315843496106	47.8786072113162	34.5765280884896
812.559757961485	725.018909199931	514.649275221872
1407.12775307424	966.31188998712	775.266915507902
753.317484787607	580.433115200679	453.258296779043
16.1719854346518	21.0893865097464	19.2875870969806
28.0534441213348	33.439027258697	30.1074530294331
61.8825973264738	78.8477063202232	62.5670508267906
28.8785454190211	33.439027258697	24.2270911096219
707.111812117174	731.098732337876	521.000066095268
38.6147407317196	42.5587619656144	34.1060991349047
35.3143355409744	49.9685464149848	41.3977479154705
14.5217828392792	13.1096186411937	16.2297988986788
38.2847002126451	45.0286901154045	36.6934583796216
447.534943865058	535.594419558335	417.270481829799
54.4566856472969	77.5177450087977	48.6893966960363
88.6158793715104	136.036042711518	71.5052009449036
12.0464789462202	14.4395799526192	12.4663672699996
303.967318067639	361.17949328854	250.03298883037
7.92097245778864	9.49972365303893	10.1142225020752
45.3805713727474	52.6284690378357	47.7485387888665
970.484146338646	885.944227882411	644.25245193451
692.920069796969	526.094695905296	456.78651393093
32.6740113883782	43.6987288039791	34.5765280884896
22.6077755566051	36.4789388276695	26.8144503543388
549.022403480475	640.471368687885	472.310669399232
414.035831178994	357.759592773446	270.967077264898
52.4764425328498	55.8583750798689	42.5738202994327
1030.55152081021	780.687289806739	616.967572626586
1268.34571480341	997.090994622966	858.76805476922
30.693768273931	37.9988946121557	28.460951691886
35.6443760600489	44.0787177501007	33.4004557045273
69.6385495247251	64.0281374214824	55.5106165230173
16.9970867323381	23.5593146595366	16.4650133754712
376.741252523572	494.935602323328	365.288082458669
248.850551382193	295.821394555632	239.213122897918
414.86093247668	382.838863217469	302.485817155086
313.373472861263	273.022057788339	220.160750277729
28.7135251594838	42.1787730194929	35.2821715188669
290.435656785584	300.951245328273	238.50747946754
56.1068882426696	64.2181318945432	47.7485387888665
23.9279376329032	24.3192925517797	31.2835254133953
39.2748217698687	47.4986182651947	31.2835254133953
24.0929578924405	29.0691543782991	26.344021400754
37.7896394340333	48.4485906304986	28.6961661686784
827.90664209845	752.568107793744	566.631674593002
29.8686669762447	28.6891654321776	22.3453752952824
30.8587885334683	37.4289111929734	24.6975200632068
42.4102067010767	54.908402714565	45.3963940209421
88.945919890585	109.626810956069	83.2659247845259
766.519105550589	614.82211482468	456.316084977345
17.1621069918754	15.7695412640446	16.2297988986788
987.976293849596	763.207798285148	551.107519124701
1039.95767560383	861.054951911449	715.287223925828
20.1324716635461	24.3192925517797	18.5819436666032
645.394235050237	860.484968492267	624.729650360737
