chr	start	end	peak.annotation	target.genes
1	12592	13416	TSS	ostta01g00090,ostta01g00080
1	12592	13425	TSS	ostta01g00090,ostta01g00080
1	34347	35199	TSS	ostta01g00220,ostta01g00210
1	34338	35218	TSS	ostta01g00220,ostta01g00210
1	73004	73889	TSS	ostta01g00485
1	73004	73847	TSS	ostta01g00485
1	81729	81974	internal.gene.body	ostta01g00520
1	81724	81974	internal.gene.body	ostta01g00520
1	129049	129896	TSS	ostta01g00830
1	129120	129884	TSS	ostta01g00830
1	134786	135644	TSS	ostta01g00890
1	134785	135644	TSS	ostta01g00890
1	148908	149109	internal.gene.body	ostta01g00970
1	154906	155557	TSS	ostta01g01020
1	154469	155584	TSS	ostta01g01020,ostta01g01000
1	163438	163908	internal.gene.body	ostta01g01085
1	192126	192327	internal.gene.body	ostta01g01280
1	227429	227631	TSS	ostta01g01470
1	233677	234227	TSS	ostta01g01500
1	233699	234228	TSS	ostta01g01500
1	241838	242301	TSS	ostta01g01550
1	241815	242296	TSS	ostta01g01550
1	244303	245256	TSS	ostta01g01560
1	244331	245256	TSS	ostta01g01560
1	256362	256593	internal.gene.body	ostta01g01650
1	256352	256710	internal.gene.body	ostta01g01650
1	258160	258352	intergenic	
1	258160	258368	intergenic	
1	263558	263781	internal.gene.body	ostta01g01700
1	274773	275080	internal.gene.body	ostta01g01770
1	296012	296229	internal.gene.body	ostta01g01880
1	295943	296228	internal.gene.body	ostta01g01880
1	307559	307769	TES	ostta01g01960
1	318374	318919	TSS	ostta01g02050
1	318370	318917	TSS	ostta01g02050
1	323833	323931	internal.gene.body	ostta01g02100
1	323488	323881	TSS	ostta01g02100
1	337894	338763	TSS	ostta01g02210
1	337907	338754	TSS	ostta01g02210
1	346303	346491	internal.gene.body	ostta01g02260
1	352402	353132	TSS	ostta01g02310,ostta01g02300
1	352419	353132	TSS	ostta01g02310,ostta01g02300
1	368080	368543	TSS	ostta01g02400
1	368180	368530	TSS	ostta01g02400
1	420664	420864	internal.gene.body	ostta01g02680
1	420593	420890	internal.gene.body	ostta01g02680
1	442470	443365	TSS	ostta01g02810
1	442444	443320	TSS	ostta01g02810
1	452978	453303	TSS	ostta01g02850
1	453053	453305	TSS	ostta01g02850
1	469539	469705	internal.gene.body	ostta01g02950
1	482166	482810	TSS	ostta01g03040
1	482161	482787	TSS	ostta01g03040
1	498126	498800	TSS	ostta01g03150,ostta01g03140
1	498020	498794	TSS	ostta01g03150,ostta01g03140
1	503659	504323	TSS	ostta01g03190
1	503654	504273	TSS	ostta01g03190
1	525884	526574	TSS	ostta01g03280
1	525895	526569	TSS	ostta01g03280
1	537529	537842	TSS	ostta01g03350
1	544025	544391	TSS	ostta01g03420
1	544019	544391	TSS	ostta01g03420
1	548988	549274	internal.gene.body	ostta01g03450
1	548947	549256	TSS	ostta01g03450
1	560381	561122	TSS	ostta01g03520,ostta01g03510
1	560366	561111	TSS	ostta01g03520,ostta01g03510
1	577416	577618	TSS	ostta01g03620
1	577436	577648	TSS	ostta01g03620
1	582230	582442	internal.gene.body	ostta01g03650
1	585073	585560	TSS	ostta01g03670
1	584906	585586	gene.body	ostta01g03670
1	600621	601089	TSS	ostta01g03770
1	600599	601096	TSS	ostta01g03770
1	611558	611788	internal.gene.body	ostta01g03830
1	613889	614101	TSS	ostta01g03850
1	613861	614096	TSS	ostta01g03850
1	619687	620113	TSS	ostta01g03900,ostta01g03890
1	619664	620065	TSS	ostta01g03900,ostta01g03890
1	646853	647095	internal.gene.body	ostta01g04090
1	671929	672569	TSS	ostta01g04130
1	671929	672569	TSS	ostta01g04130
1	730303	730765	internal.gene.body	ostta01g04510
1	754108	754307	internal.gene.body	ostta01g04620
1	785175	785396	internal.gene.body	ostta01g04840
1	785200	785396	internal.gene.body	ostta01g04840
1	794548	795297	TSS	ostta01g04920
1	794563	795301	TSS	ostta01g04920
1	805328	805515	internal.gene.body	ostta01g04990
1	820338	820538	internal.gene.body	ostta01g05060
1	844949	845179	internal.gene.body	ostta01g05210
1	874616	874820	TSS	ostta01g05400
1	922006	923066	TSS	ostta01g05650,ostta01g05640
1	922448	923068	TSS	ostta01g05650
1	936744	937566	TSS	ostta01g05750
1	936731	937606	gene.body	ostta01g05760
1	971824	972098	internal.gene.body	ostta01g05960
1	971844	972099	internal.gene.body	ostta01g05960
1	975808	976699	TSS	ostta01g06000
1	975743	976771	TSS	ostta01g06000
1	1004705	1004920	TSS	ostta01g06130
1	1004713	1004935	TSS	ostta01g06130
1	1008166	1008448	TSS	ostta01g06150
1	1008166	1008479	TSS	ostta01g06150
1	1023721	1024080	TSS	ostta01g06260
1	1044623	1045310	TSS	ostta01g06380
1	1044635	1045310	TSS	ostta01g06380
1	1047457	1048302	TSS	ostta01g06400
1	1047458	1048290	TSS	ostta01g06400
1	1057245	1057614	TSS	ostta01g06465,ostta01g06460
1	1057247	1057461	TSS	ostta01g06460
1	1077453	1077628	internal.gene.body	ostta01g06600
1	1077453	1077682	internal.gene.body	ostta01g06600
1	1078889	1079525	TSS	ostta01g06610
1	1078883	1079525	TSS	ostta01g06610
10	66159	67050	TSS	ostta10g00320
10	66164	67050	TSS	ostta10g00320
10	79300	80748	TSS	ostta10g00400
10	79307	82425	gene.body	ostta10g00410
10	81101	82350	TSS	ostta10g00420,ostta10g00410
10	84549	86918	gene.body	ostta10g00440
10	84540	86912	gene.body	ostta10g00440
10	121296	123253	TSS	ostta10g00690,ostta10g00680
10	121241	123110	TSS	ostta10g00690,ostta10g00680
10	132311	132661	internal.gene.body	ostta10g00770
10	134036	134236	internal.gene.body	ostta10g00780
10	140781	141137	TSS	ostta10g00830
10	140817	141116	TSS	ostta10g00830
10	148343	149555	gene.body	ostta10g00900
10	148359	149592	gene.body	ostta10g00900
10	157131	158237	TSS	ostta10g00950,ostta10g00940
10	157034	158237	TSS	ostta10g00950,ostta10g00940
10	161930	162176	internal.gene.body	ostta10g00970
10	162455	163105	TSS	ostta10g00980
10	161930	163211	gene.body	ostta10g00980
10	165043	166729	gene.body	ostta10g01010
10	165039	166737	gene.body	ostta10g01010
10	172407	173203	TSS	ostta10g01050
10	172400	173369	TSS	ostta10g01060,ostta10g01050
10	178318	178695	TSS	ostta10g01100,ostta10g01090
10	178479	178695	TSS	ostta10g01100,ostta10g01090
10	199181	199336	internal.gene.body	ostta10g01210
10	207903	208152	intergenic	
10	207967	208152	intergenic	
10	208439	209184	TSS	ostta10g01280
10	208436	209209	TSS	ostta10g01280
10	229103	229334	TSS	ostta10g01400
10	229016	229379	TSS	ostta10g01400
10	268429	268997	TSS	ostta10g01690,ostta10g01680
10	268433	268988	TSS	ostta10g01690,ostta10g01680
10	298067	298533	TSS	ostta10g01830
10	298079	298508	TSS	ostta10g01830
10	326075	326839	TSS	ostta10g02015
10	326053	326839	TSS	ostta10g02015
10	328121	328424	internal.gene.body	ostta10g02025
10	328121	328441	internal.gene.body	ostta10g02025
10	349415	350276	TSS	ostta10g02070
10	349422	350260	intergenic	
10	353910	354419	TSS	ostta10g02100
10	353884	354192	TSS	ostta10g02100
10	372551	372761	TSS	ostta10g02230
10	398874	399970	TSS	ostta10g02400,ostta10g02390
10	398844	399866	TSS	ostta10g02400,ostta10g02390
10	402244	403560	TSS	ostta10g02420,ostta10g02410
10	401995	403645	TSS	ostta10g02420,ostta10g02410
10	437696	438120	intergenic	
10	437683	438541	TSS	ostta10g02660
10	496007	496380	TSS	ostta10g02990
10	495710	496418	TSS	ostta10g02990,ostta10g02980
10	503480	503808	TSS	ostta10g03030,ostta10g03020
10	503472	503645	internal.gene.body	ostta10g03020
10	505752	506555	gene.body	ostta10g03050
10	505748	506546	gene.body	ostta10g03050
10	522905	523112	TSS	ostta10g03180
10	522884	523112	TSS	ostta10g03180
10	525008	525757	TSS	ostta10g03190
10	525217	525754	internal.gene.body	ostta10g03190
10	536052	536319	TSS	ostta10g03250
10	536011	536490	TSS	ostta10g03250
10	561194	561860	TSS	ostta10g03420
10	561192	561839	TSS	ostta10g03420
10	577315	578109	TSS	ostta10g03480,ostta10g03470
10	577301	578159	TSS	ostta10g03480,ostta10g03470
10	588507	588727	TSS	ostta10g03560
11	10283	10734	TSS	ostta11g00060
11	10271	10721	TSS	ostta11g00060
11	61031	61246	internal.gene.body	ostta11g00260
11	62024	63280	TSS	ostta11g00280,ostta11g00270
11	62077	63472	TSS	ostta11g00280,ostta11g00270
11	74371	75723	gene.body	ostta11g00350
11	74365	75723	gene.body	ostta11g00350
11	104453	105015	TSS	ostta11g00490
11	104443	105008	TSS	ostta11g00490
11	137023	137849	TSS	ostta11g00690
11	137044	137841	TSS	ostta11g00690
11	148815	149327	TSS	ostta11g00770
11	148817	149247	TES	ostta11g00760
11	151533	152208	TSS	ostta11g00780
11	151529	152202	TSS	ostta11g00780
11	157816	158931	TSS	ostta11g00820,ostta11g00810
11	157783	158973	TSS	ostta11g00820,ostta11g00810
11	168264	168464	internal.gene.body	ostta11g00850
11	168229	168435	internal.gene.body	ostta11g00850
11	182786	183195	internal.gene.body	ostta11g00950
11	182932	183227	internal.gene.body	ostta11g00950
11	205955	207413	TSS	ostta11g01080,ostta11g01070
11	205903	207559	TSS	ostta11g01080,ostta11g01070
11	256963	257188	internal.gene.body	ostta11g01325
11	268429	269008	gene.body	ostta11g01390
11	268434	269006	gene.body	ostta11g01390
11	273867	274662	TSS	ostta11g01430
11	273868	274667	TSS	ostta11g01430
11	287739	287948	internal.gene.body	ostta11g01510
11	288483	288663	internal.gene.body	ostta11g01520
11	356559	356867	internal.gene.body	ostta11g01870
11	357768	357956	internal.gene.body	ostta11g01880
11	357768	358134	internal.gene.body	ostta11g01880
11	371712	371911	internal.gene.body	ostta11g01960
11	371712	371969	internal.gene.body	ostta11g01960
11	400887	401098	intergenic	
11	411976	412178	internal.gene.body	ostta11g02220
11	411976	412182	internal.gene.body	ostta11g02220
11	435084	435992	TSS	ostta11g02360,ostta11g02350
11	435076	436011	TSS	ostta11g02360,ostta11g02350
11	438591	440088	TSS	ostta11g02400,ostta11g02380
11	438557	440079	TSS	ostta11g02400,ostta11g02380
11	455436	456165	gene.body	ostta11g02500
11	455439	456139	gene.body	ostta11g02500
11	471074	472388	TSS	ostta11g02600,ostta11g02590
11	471096	472384	TSS	ostta11g02600,ostta11g02590
11	473355	474947	gene.body	ostta11g02620
11	473047	473600	TSS	ostta11g02610
11	473947	474948	TSS	ostta11g02620
11	477925	478105	internal.gene.body	ostta11g02650
11	477913	478105	internal.gene.body	ostta11g02650
11	504929	505393	TSS	ostta11g02830
11	504928	505383	TSS	ostta11g02830
11	507436	508671	TSS	ostta11g02870,ostta11g02860
11	507582	508671	TSS	ostta11g02870,ostta11g02860
11	514297	515798	TSS	ostta11g02920,ostta11g02910
11	514308	515783	TSS	ostta11g02920,ostta11g02910
11	590668	590904	internal.gene.body	ostta11g03300
12	2884	3945	TSS	ostta12g00040,ostta12g00030
12	2878	3773	TSS	ostta12g00040,ostta12g00030
12	11335	12004	TSS	ostta12g00080
12	11310	12001	TSS	ostta12g00080
12	37412	38386	TSS	ostta12g00250,ostta12g00240
12	37486	38423	TSS	ostta12g00250,ostta12g00240
12	40658	41246	TSS	ostta12g00260
12	40681	41233	TSS	ostta12g00260
12	49863	50945	TSS	ostta12g00330,ostta12g00320
12	49902	50945	TSS	ostta12g00330,ostta12g00320
12	59688	60251	TSS	ostta12g00390
12	59692	60237	TSS	ostta12g00390
12	62551	62937	TSS	ostta12g00410,ostta12g00400
12	68142	69290	TSS	ostta12g00450,ostta12g00440
12	68124	69346	TSS	ostta12g00450,ostta12g00440
12	76742	77016	TSS	ostta12g00500
12	78037	79472	TSS	ostta12g00520
12	78038	79472	TSS	ostta12g00520
12	84306	85860	TSS	ostta12g00560,ostta12g00550
12	84273	85860	TSS	ostta12g00560,ostta12g00550
12	149455	149705	internal.gene.body	ostta12g00920
12	152794	152993	TSS	ostta12g00930
12	162500	163145	TSS	ostta12g01010
12	162070	163147	TSS	ostta12g01010,ostta12g01000
12	176886	177696	TSS	ostta12g01080
12	176890	177672	TSS	ostta12g01080
12	191505	192146	TSS	ostta12g01200
12	191304	192132	TSS	ostta12g01200,ostta12g01190
12	198758	199212	TSS	ostta12g01230
12	198859	199207	TSS	ostta12g01230
12	211621	212415	TSS	ostta12g01280
12	211664	212406	TSS	ostta12g01280
12	216905	217488	TSS	ostta12g01320
12	216379	217448	TSS	ostta12g01320,ostta12g01310
12	234058	234426	gene.body	ostta12g01450
12	279011	279958	TSS	ostta12g01760
12	279021	279921	TSS	ostta12g01760
12	280373	280609	intergenic	
12	298759	299805	gene.body	ostta12g01860
12	298747	299805	gene.body	ostta12g01860
12	305800	306342	TES	ostta12g01910
12	305804	306342	TES	ostta12g01910
12	310194	310912	TSS	ostta12g01930
12	310194	310450	internal.gene.body	ostta12g01930
12	339657	340094	TSS	ostta12g02020,ostta12g02010
12	339652	339902	TSS	ostta12g02010
12	358223	358758	TSS	ostta12g02130
12	358223	358752	TSS	ostta12g02130
12	359052	359721	intergenic	
12	359039	359738	intergenic	
12	366073	366717	TSS	ostta12g02170,ostta12g02160
12	366349	366707	TSS	ostta12g02170,ostta12g02160
12	368266	368500	TSS	ostta12g02180
12	368231	368518	TSS	ostta12g02180
12	369651	370202	TES	ostta12g02190
12	369644	370239	TSS	ostta12g02200
12	372626	372952	TSS	ostta12g02220
12	375324	376317	TSS	ostta12g02240
12	375707	376331	intergenic	
12	379504	379726	TSS	ostta12g02260
12	386915	387235	internal.gene.body	ostta12g02310
12	386885	387276	TSS	ostta12g02310
12	395825	396650	TSS	ostta12g02370,ostta12g02360
12	395851	396639	TSS	ostta12g02370,ostta12g02360
12	408460	409539	TSS	ostta12g02450
12	408455	409539	TSS	ostta12g02450
12	425856	426960	TSS	ostta12g02540,ostta12g02530
12	425807	426960	TSS	ostta12g02540,ostta12g02530
12	436232	436720	internal.gene.body	ostta12g02600
12	436232	436760	TSS	ostta12g02600
12	441233	441456	internal.gene.body	ostta12g02640
12	451292	451898	TSS	ostta12g02680
12	451371	451885	TSS	ostta12g02680
12	461098	461398	TSS	ostta12g02760
12	462473	463486	gene.body	ostta12g02770
12	462499	463482	gene.body	ostta12g02770
12	480288	481001	TSS	ostta12g02860,ostta12g02870
12	480305	481001	TSS	ostta12g02870
12	488740	489376	TSS	ostta12g02920
12	488737	489380	TSS	ostta12g02920
12	503766	504776	TSS	ostta12g03010,ostta12g03000
12	503687	504784	TSS	ostta12g03010,ostta12g03000
12	516967	517171	internal.gene.body	ostta12g03070
12	528927	530001	TSS	ostta12g03150,ostta12g03140
12	528984	530024	TSS	ostta12g03150,ostta12g03140
13	9840	10631	gene.body	ostta13g00070
13	9832	10626	gene.body	ostta13g00070
13	11017	11324	TSS	ostta13g00080
13	16437	16948	TSS	ostta13g00110
13	16454	16947	TSS	ostta13g00110
13	17285	17839	TSS	ostta13g00120
13	17293	17839	TSS	ostta13g00120
13	22858	23289	internal.gene.body	ostta13g00130
13	22852	23289	internal.gene.body	ostta13g00130
13	31183	32242	TSS	ostta13g00190,ostta13g00180
13	31355	32243	TSS	ostta13g00190,ostta13g00180
13	33180	33342	intergenic	
13	36601	37616	TSS	ostta13g00230
13	36638	37614	TSS	ostta13g00230
13	47664	48016	TSS	ostta13g00290
13	58320	58529	TSS	ostta13g00350
13	62590	62772	internal.gene.body	ostta13g00370
13	79996	80467	internal.gene.body	ostta13g00460
13	79996	80471	internal.gene.body	ostta13g00460
13	92155	92391	internal.gene.body	ostta13g00520
13	97690	98456	TSS	ostta13g00570,ostta13g00560
13	97675	98415	TSS	ostta13g00570,ostta13g00560
13	102307	102528	TSS	ostta13g00600
13	115533	115827	internal.gene.body	ostta13g00670
13	116455	116819	internal.gene.body	ostta13g00680
13	123944	124267	internal.gene.body	ostta13g00740
13	146970	147581	intergenic	
13	147001	147572	intergenic	
13	148974	149643	TSS	ostta13g00880
13	148985	149630	TSS	ostta13g00880
13	149990	150542	TSS	ostta13g00885
13	149995	150535	TSS	ostta13g00885
13	175360	175702	TSS	ostta13g01030
13	175360	175713	TSS	ostta13g01030
13	213099	214185	gene.body	ostta13g01250
13	213084	214181	gene.body	ostta13g01250
13	215645	215938	intergenic	
13	215645	215931	intergenic	
13	233660	233917	TSS	ostta13g01340
13	233659	233933	TSS	ostta13g01340
13	238181	238675	TSS	ostta13g01375
13	238178	238711	TSS	ostta13g01375
13	261051	261728	TSS	ostta13g01510
13	261048	261716	TSS	ostta13g01510
13	279456	279761	TES	ostta13g01620
13	279410	279765	TES	ostta13g01620
13	294323	294544	internal.gene.body	ostta13g01700
13	294351	294544	internal.gene.body	ostta13g01700
13	321596	321821	TSS	ostta13g01870
13	353217	353364	TSS	ostta13g02060
13	371916	372612	internal.gene.body	ostta13g02150
13	371918	372851	internal.gene.body	ostta13g02150
13	377054	377692	internal.gene.body	ostta13g02170
13	377061	377728	internal.gene.body	ostta13g02170
13	387304	388525	TSS	ostta13g02260,ostta13g02250
13	387718	388519	TSS	ostta13g02260
13	397620	398325	TSS	ostta13g02310
13	397403	398271	TSS	ostta13g02310,ostta13g02300
13	408040	408893	TSS	ostta13g02380
13	408040	408792	TSS	ostta13g02380
13	449816	450103	internal.gene.body	ostta13g02590
13	454428	454642	TSS	ostta13g02620,ostta13g02610
13	454428	454655	TSS	ostta13g02620,ostta13g02610
13	469738	470632	TSS	ostta13g02680,ostta13g02670
13	469756	470552	TSS	ostta13g02680,ostta13g02670
13	473112	473606	TSS	ostta13g02700
13	473125	473606	TSS	ostta13g02700
13	486118	487338	TSS	ostta13g02770,ostta13g02760
13	486138	487367	TSS	ostta13g02770,ostta13g02760
13	498728	499196	TSS	ostta13g02840
13	498598	499299	TSS	ostta13g02840,ostta13g02830
13	504811	505851	gene.body	ostta13g02880
13	504839	505808	TSS	ostta13g02880,ostta13g02870
13	530839	531090	internal.gene.body	ostta13g02970
13	530873	531073	internal.gene.body	ostta13g02970
13	538533	539195	TSS	ostta13g03020
13	538535	539183	TSS	ostta13g03020
13	539799	540639	gene.body	ostta13g03030
13	539813	540659	gene.body	ostta13g03030
13	546513	546724	TSS	ostta13g03070
14	855	1197	TSS	ostta14g00010
14	856	1221	TSS	ostta14g00010
14	33593	34383	TSS	ostta14g00110
14	33606	34383	TSS	ostta14g00110
14	36658	36819	internal.gene.body	ostta14g00130
14	36118	36819	TSS	ostta14g00130,ostta14g00120
14	37783	39279	TSS	ostta14g00150,ostta14g00140
14	37892	39279	TSS	ostta14g00150,ostta14g00140
14	40910	41762	TSS	ostta14g00170,ostta14g00160
14	40910	41620	TSS	ostta14g00170,ostta14g00160
14	73911	74701	TSS	ostta14g00390,ostta14g00380
14	73911	74923	TSS	ostta14g00390,ostta14g00380
14	75496	76996	TSS	ostta14g00400
14	75415	76986	TSS	ostta14g00400
14	86133	86343	internal.gene.body	ostta14g00480
14	86133	86331	internal.gene.body	ostta14g00480
14	94584	94818	TES	ostta14g00530
14	94647	95173	TSS	ostta14g00540,ostta14g00530
14	101856	102422	TSS	ostta14g00590,ostta14g00580
14	101776	102422	TSS	ostta14g00590,ostta14g00580
14	105232	105980	TSS	ostta14g00620
14	105237	105970	TSS	ostta14g00620
14	112593	113275	TSS	ostta14g00660
14	112588	113275	TSS	ostta14g00660
14	134760	135095	internal.gene.body	ostta14g00790
14	136334	136546	TSS	ostta14g00795
14	150390	150409	internal.gene.body	ostta14g00880
14	150752	150826	internal.gene.body	ostta14g00890
14	150752	150809	internal.gene.body	ostta14g00890
14	174808	175764	TSS	ostta14g01040
14	174810	175719	TSS	ostta14g01040
14	181445	182169	TSS	ostta14g01060
14	181452	182172	TSS	ostta14g01060
14	183168	183649	TSS	ostta14g01075,ostta14g01070
14	183168	183672	TSS	ostta14g01075,ostta14g01070
14	193913	194331	TSS	ostta14g01140
14	193913	194332	TSS	ostta14g01140
14	209274	209912	TSS	ostta14g01220
14	209287	209901	TSS	ostta14g01220
14	214372	215267	gene.body	ostta14g01245
14	214393	215439	gene.body	ostta14g01245
14	252409	253630	TSS	ostta14g01430,ostta14g01420
14	252381	253641	TSS	ostta14g01430,ostta14g01420
14	277753	278272	TSS	ostta14g01520
14	277768	278263	TSS	ostta14g01520
14	284333	284569	intergenic	
14	284293	284561	intergenic	
14	293188	294133	TSS	ostta14g01620,ostta14g01610
14	293156	294114	TSS	ostta14g01620,ostta14g01610
14	313055	313376	TSS	ostta14g01695
14	313024	313412	TSS	ostta14g01695
14	337557	338577	TSS	ostta14g01860,ostta14g01850
14	337619	338568	TSS	ostta14g01860,ostta14g01850
14	348672	349712	TSS	ostta14g01910,ostta14g01900
14	348672	349637	TSS	ostta14g01910,ostta14g01900
14	354414	355102	TSS	ostta14g01940
14	354416	355014	TSS	ostta14g01940
14	360347	360955	TSS	ostta14g01990
14	360362	360997	TSS	ostta14g01990
14	390155	390376	internal.gene.body	ostta14g02170
14	390140	390354	internal.gene.body	ostta14g02170
14	396008	396793	TSS	ostta14g02190
14	395973	396800	TSS	ostta14g02190
14	413970	415160	TSS	ostta14g02310,ostta14g02300
14	414023	415150	TSS	ostta14g02310,ostta14g02300
14	428315	428947	TSS	ostta14g02400,ostta14g02390
14	428325	428951	TSS	ostta14g02400,ostta14g02390
14	435897	436943	gene.body	ostta14g02450
14	435885	437200	gene.body	ostta14g02450
14	437800	438321	TSS	ostta14g02470,ostta14g02460
14	437822	438321	TSS	ostta14g02470,ostta14g02460
14	450629	451257	TSS	ostta14g02530
14	450656	451257	TSS	ostta14g02530
14	453885	454661	TSS	ostta14g02550
14	453887	454784	TSS	ostta14g02560,ostta14g02550
14	455842	456046	internal.gene.body	ostta14g02570
14	456368	457061	TSS	ostta14g02580
14	456377	457074	TSS	ostta14g02580
14	465419	466119	TSS	ostta14g02630
14	465412	466121	TSS	ostta14g02630
14	472074	472304	internal.gene.body	ostta14g02660
14	472798	473024	internal.gene.body	ostta14g02670
14	472765	473024	TSS	ostta14g02670
14	474112	474360	TSS	ostta14g02680
14	474073	474526	TSS	ostta14g02680
14	491155	491855	TSS	ostta14g02770
14	491185	491848	TSS	ostta14g02770
14	541296	541847	intergenic	
14	542302	543030	TSS	ostta14g03060
14	542314	543007	TSS	ostta14g03060
15	7374	8283	gene.body	ostta15g00045
15	7330	8278	gene.body	ostta15g00045
15	39524	40248	TSS	ostta15g00250
15	39113	40248	TSS	ostta15g00250,ostta15g00240
15	61647	62507	TSS	ostta15g00350
15	61638	62490	TSS	ostta15g00350
15	72431	72784	internal.gene.body	ostta15g00405
15	72419	72850	TSS	ostta15g00405
15	93470	94394	TSS	ostta15g00500,ostta15g00490
15	93482	94399	TSS	ostta15g00500,ostta15g00490
15	96832	97073	internal.gene.body	ostta15g00530
15	96825	97066	internal.gene.body	ostta15g00530
15	98272	99170	internal.gene.body	ostta15g00540
15	98272	99118	internal.gene.body	ostta15g00540
15	101520	101722	internal.gene.body	ostta15g00570
15	119078	119817	TSS	ostta15g00640
15	119122	119830	TSS	ostta15g00640
15	126482	130318	TSS	ostta15g00700,ostta15g00690
15	126488	130313	TSS	ostta15g00700,ostta15g00690
15	131738	133346	TSS	ostta15g00710
15	131765	133345	TSS	ostta15g00710
15	142951	143220	TSS	ostta15g00790
15	142156	142417	internal.gene.body	ostta15g00770
15	151499	152209	internal.gene.body	ostta15g00840
15	151499	152208	internal.gene.body	ostta15g00840
15	163421	164006	TSS	ostta15g00920
15	163417	164039	TSS	ostta15g00920
15	165156	166126	TSS	ostta15g00930
15	165306	166124	TSS	ostta15g00930
15	170505	171068	TSS	ostta15g00955
15	170522	171027	TSS	ostta15g00955
15	172753	172972	internal.gene.body	ostta15g00960
15	190211	191081	TSS	ostta15g01090
15	190214	191052	TSS	ostta15g01090
15	200848	201365	TSS	ostta15g01150,ostta15g01140
15	200848	201390	TSS	ostta15g01150,ostta15g01140
15	204058	204852	TSS	ostta15g01160
15	204054	204835	TSS	ostta15g01160
15	205623	206667	TSS	ostta15g01180,ostta15g01170
15	205804	206648	TSS	ostta15g01180,ostta15g01170
15	291781	293181	TSS	ostta15g01640,ostta15g01630
15	291841	293042	TSS	ostta15g01640,ostta15g01630
15	297753	298665	TSS	ostta15g01700,ostta15g01690
15	297749	298659	TSS	ostta15g01700,ostta15g01690
15	315839	316544	TSS	ostta15g01770
15	315837	316551	TSS	ostta15g01770
15	322527	323259	TSS	ostta15g01830,ostta15g01820
15	322537	323197	TSS	ostta15g01830,ostta15g01820
15	336520	336769	internal.gene.body	ostta15g01930
15	339871	340814	TSS	ostta15g01950
15	339684	340814	TSS	ostta15g01950
15	347166	347989	TSS	ostta15g02010,ostta15g02000
15	347353	347972	TSS	ostta15g02010
15	365749	365769	internal.gene.body	ostta15g02140
15	372469	373166	TSS	ostta15g02200
15	372351	373204	TSS	ostta15g02200
15	379929	380240	TSS	ostta15g02235
15	387714	388894	TSS	ostta15g02290
15	387714	388902	TSS	ostta15g02290
15	392916	393825	TSS	ostta15g02325,ostta15g02320
15	392916	393828	TSS	ostta15g02325,ostta15g02320
15	401809	402545	gene.body	ostta15g02360
15	401806	402516	gene.body	ostta15g02360
15	405477	405969	internal.gene.body	ostta15g02370
15	415219	416032	TSS	ostta15g02430,ostta15g02420
15	415192	415947	TSS	ostta15g02430,ostta15g02420
15	446003	446239	intergenic	
15	447475	447687	internal.gene.body	ostta15g02555
15	452534	453157	TSS	ostta15g02590,ostta15g02580
15	452539	453178	TSS	ostta15g02590,ostta15g02580
15	462713	464106	TSS	ostta15g02670,ostta15g02660
15	462713	464106	TSS	ostta15g02670,ostta15g02660
15	465177	465606	TSS	ostta15g02680
15	465170	465606	TSS	ostta15g02680
15	470680	471286	TSS	ostta15g02710
15	470475	471295	TSS	ostta15g02710
15	475802	476019	TSS	ostta15g02740
15	477189	477786	TSS	ostta15g02750
15	477154	477789	TSS	ostta15g02750
15	478215	478387	internal.gene.body	ostta15g02760
15	497496	498284	gene.body	ostta15g02870
15	497486	498339	gene.body	ostta15g02870
15	505774	506086	internal.gene.body	ostta15g02910
16	11302	12070	gene.body	ostta16g00070
16	11324	12052	gene.body	ostta16g00070
16	18128	18923	TSS	ostta16g00140
16	18131	18922	TSS	ostta16g00140
16	32605	33309	TSS	ostta16g00220
16	32616	33305	TSS	ostta16g00220
16	47345	48216	TSS	ostta16g00330
16	47331	48526	TSS	ostta16g00340,ostta16g00330
16	53255	54458	TSS	ostta16g00390,ostta16g00380
16	53238	54473	TSS	ostta16g00390,ostta16g00380
16	58524	59295	gene.body	ostta16g00410
16	58546	59315	gene.body	ostta16g00410
16	65913	66383	TSS	ostta16g00450
16	65915	66388	TSS	ostta16g00450
16	81254	82998	gene.body	ostta16g00530
16	81230	83089	gene.body	ostta16g00530
16	114945	115441	TSS	ostta16g00740,ostta16g00730
16	116911	117230	internal.gene.body	ostta16g00750
16	119516	120451	gene.body	ostta16g00770
16	119502	119792	internal.gene.body	ostta16g00765
16	120181	120429	TSS	ostta16g00770
16	122907	123190	intergenic	
16	122912	123178	intergenic	
16	132759	133459	TSS	ostta16g00850,ostta16g00840
16	132759	133462	TSS	ostta16g00850,ostta16g00840
16	135371	136580	TSS	ostta16g00870,ostta16g00860
16	135296	136608	TSS	ostta16g00870,ostta16g00860
16	145924	146396	TSS	ostta16g00950
16	145923	146392	TSS	ostta16g00950
16	157382	157593	internal.gene.body	ostta16g01010
16	163912	165520	gene.body	ostta16g01060
16	163894	165525	gene.body	ostta16g01060
16	167958	168008	internal.gene.body	ostta16g01070
16	168331	168563	internal.gene.body	ostta16g01080
16	170488	170944	TSS	ostta16g01090
16	170482	170943	TSS	ostta16g01090
16	175745	176204	intergenic	
16	175768	176202	intergenic	
16	185007	185943	TSS	ostta16g01180,ostta16g01170
16	185017	185968	TSS	ostta16g01180,ostta16g01170
16	206117	206605	TSS	ostta16g01290,ostta16g01280
16	206213	206631	TSS	ostta16g01290,ostta16g01280
16	218597	219111	TSS	ostta16g01340
16	218600	219097	TSS	ostta16g01340
16	224535	225324	TSS	ostta16g01360
16	224544	225325	TSS	ostta16g01360
16	234370	235135	TSS	ostta16g01410
16	234381	235213	TSS	ostta16g01410
16	255048	256017	TSS	ostta16g01520,ostta16g01510
16	255020	256015	TSS	ostta16g01520,ostta16g01510
16	257147	257519	internal.gene.body	ostta16g01530
16	257349	257576	internal.gene.body	ostta16g01530
16	259107	259323	TSS	ostta16g01550
16	275358	276054	TSS	ostta16g01620
16	275360	276054	TSS	ostta16g01620
16	291998	292784	TSS	ostta16g01670
16	291999	292784	TSS	ostta16g01670
16	301900	303161	TSS	ostta16g01730,ostta16g01720
16	301928	303187	TSS	ostta16g01730,ostta16g01720
16	305221	305437	internal.gene.body	ostta16g01750
16	307427	308271	TSS	ostta16g01770
16	307423	308307	TSS	ostta16g01770
16	311243	311998	gene.body	ostta16g01795
16	311245	311991	gene.body	ostta16g01795
16	312791	313042	internal.gene.body	ostta16g01800
16	312841	313118	internal.gene.body	ostta16g01800
16	325035	326065	TSS	ostta16g01900,ostta16g01890
16	325048	326104	TSS	ostta16g01900,ostta16g01890
16	337947	338514	TSS	ostta16g01990,ostta16g01980
16	338130	338522	TSS	ostta16g01990,ostta16g01980
16	383090	383300	internal.gene.body	ostta16g02120
16	383090	383294	internal.gene.body	ostta16g02120
16	430251	430435	TES	ostta16g02220
16	442655	444580	TSS	ostta16g02310,ostta16g02300
16	442653	444587	TSS	ostta16g02310,ostta16g02300
16	448747	449379	TSS	ostta16g02340
16	448738	449376	TSS	ostta16g02340
16	450506	451116	TSS	ostta16g02347
16	450491	451235	TSS	ostta16g02347
16	455072	455522	TES	ostta16g02350
16	455072	455539	TES	ostta16g02350
16	465022	465730	TSS	ostta16g02415,ostta16g02410
16	464941	465730	TSS	ostta16g02415,ostta16g02410
16	469506	470179	TSS	ostta16g02450,ostta16g02440
16	503354	504863	gene.body	ostta16g02610
16	503376	505017	gene.body	ostta16g02610
16	507691	508355	TSS	ostta16g02640
16	507665	508140	TSS	ostta16g02640
16	521750	521950	internal.gene.body	ostta16g02710
17	16775	17032	internal.gene.body	ostta17g00067
17	16801	17012	internal.gene.body	ostta17g00067
17	18192	19093	TSS	ostta17g00090,ostta17g00080
17	18215	19109	TSS	ostta17g00090,ostta17g00080
17	19983	20373	TSS	ostta17g00100
17	21229	22309	TSS	ostta17g00120,ostta17g00110
17	21220	22311	TSS	ostta17g00120,ostta17g00110
17	26059	27553	TSS	ostta17g00165,ostta17g00160
17	26059	27424	TSS	ostta17g00165,ostta17g00160
17	48577	49006	internal.gene.body	ostta17g00270
17	48568	48989	internal.gene.body	ostta17g00270
17	50222	50544	internal.gene.body	ostta17g00280
17	55202	55979	TSS	ostta17g00310
17	56259	56464	TES	ostta17g00320
17	55199	56226	TSS	ostta17g00320,ostta17g00310
17	61076	61461	TSS	ostta17g00330
17	61076	61461	TSS	ostta17g00330
17	63169	64172	gene.body	ostta17g00360
17	63170	64154	TSS	ostta17g00360
17	66931	68009	TSS	ostta17g00370
17	66919	68017	TSS	ostta17g00370
17	70183	71108	TSS	ostta17g00400,ostta17g00390
17	70191	71153	TSS	ostta17g00400,ostta17g00390
17	84115	84776	TSS	ostta17g00490
17	84067	84782	TSS	ostta17g00490
17	91389	91756	TSS	ostta17g00540,ostta17g00530
17	105174	105824	TSS	ostta17g00620
17	105115	105821	TSS	ostta17g00620
17	120132	120427	internal.gene.body	ostta17g00690
17	120132	120525	internal.gene.body	ostta17g00690
17	124491	125498	TSS	ostta17g00730,ostta17g00720
17	124624	125514	TSS	ostta17g00730,ostta17g00720
17	126703	127433	TSS	ostta17g00740
17	126701	127392	TSS	ostta17g00740
17	131898	132297	TSS	ostta17g00760
17	131898	132313	TSS	ostta17g00760
17	138557	139271	TSS	ostta17g00800
17	138488	139303	TSS	ostta17g00800
17	140621	140841	internal.gene.body	ostta17g00810
17	141123	142360	gene.body	ostta17g00820
17	140706	142367	gene.body	ostta17g00820
17	174223	174924	TSS	ostta17g01050
17	175232	175589	internal.gene.body	ostta17g01060
17	174268	175589	TSS	ostta17g01060,ostta17g01050
17	195674	195912	internal.gene.body	ostta17g01200
17	205601	206416	TSS	ostta17g01270
17	205595	206408	TSS	ostta17g01270
17	207071	207395	TSS	ostta17g01280
17	207071	207395	TSS	ostta17g01280
17	216984	217633	TSS	ostta17g01350
17	216987	217650	TSS	ostta17g01350
17	224226	224843	TSS	ostta17g01380
17	224237	224836	TSS	ostta17g01380
17	242451	243624	TSS	ostta17g01500,ostta17g01490
17	242425	243682	TSS	ostta17g01500,ostta17g01490
17	248999	249203	internal.gene.body	ostta17g01530
17	261363	261695	internal.gene.body	ostta17g01620
17	262074	262503	internal.gene.body	ostta17g01630
17	261363	262492	TES	ostta17g01620
17	286034	286272	TSS	ostta17g01780
17	301056	301485	TSS	ostta17g01850
17	301036	301436	TSS	ostta17g01850
17	304033	304622	TSS	ostta17g01870
17	304025	304649	gene.body	ostta17g01870
17	305705	305867	internal.gene.body	ostta17g01880
17	307579	308139	internal.gene.body	ostta17g01890
17	307867	308089	internal.gene.body	ostta17g01890
17	345234	345738	TSS	ostta17g02030
17	345232	345738	TSS	ostta17g02030
17	352129	352833	TSS	ostta17g02075
17	352096	352833	TSS	ostta17g02075
17	354341	355750	TSS	ostta17g02090,ostta17g02080
17	354341	355733	TSS	ostta17g02090,ostta17g02080
17	382290	382617	TSS	ostta17g02220
17	382288	382617	TSS	ostta17g02220
17	393471	394082	gene.body	ostta17g02305
17	408015	408232	internal.gene.body	ostta17g02410
18	454	658	intergenic	
18	5723	5929	TSS	ostta18g00050,ostta18g00040
18	47031	48106	TSS	ostta18g00280
18	46977	48190	TSS	ostta18g00280
18	54567	55418	TSS	ostta18g00310
18	54593	55418	TSS	ostta18g00310
18	81569	81779	internal.gene.body	ostta18g00440
18	82344	82543	internal.gene.body	ostta18g00450
18	101052	101699	TSS	ostta18g00520
18	101056	101699	TSS	ostta18g00520
18	117323	117793	TSS	ostta18g00590
18	117326	117932	TSS	ostta18g00590
18	118591	118922	TSS	ostta18g00600
18	121320	121533	internal.gene.body	ostta18g00620
18	122042	124109	gene.body	ostta18g00630,ostta18g00640
18	122048	124036	gene.body	ostta18g00630,ostta18g00640
18	127551	128821	TSS	ostta18g00680,ostta18g00670
18	127551	128779	TSS	ostta18g00680,ostta18g00670
18	141939	142169	internal.gene.body	ostta18g00730
18	141927	142229	TSS	ostta18g00730
18	169006	169638	TSS	ostta18g00910
18	169005	169640	TSS	ostta18g00910
18	186708	186904	internal.gene.body	ostta18g01010
18	186724	186904	internal.gene.body	ostta18g01010
18	195033	195753	TSS	ostta18g01060
18	195090	195753	TSS	ostta18g01060
18	198786	199929	TSS	ostta18g01080
18	198786	199922	TSS	ostta18g01080
18	218489	219243	TSS	ostta18g01200,ostta18g01190
18	218489	219192	TSS	ostta18g01200,ostta18g01190
18	223109	223617	TSS	ostta18g01230
18	223108	223656	TSS	ostta18g01230
18	226003	227007	TSS	ostta18g01250
18	226158	227007	TSS	ostta18g01250
18	230301	231135	TSS	ostta18g01280
18	230307	231105	TSS	ostta18g01280
18	235846	236088	internal.gene.body	ostta18g01300
18	235882	236118	internal.gene.body	ostta18g01300
18	243684	244514	TSS	ostta18g01330,ostta18g01320
18	243684	244312	TSS	ostta18g01320
18	245297	246029	gene.body	ostta18g01340
18	245297	246038	gene.body	ostta18g01340
18	247561	247997	internal.gene.body	ostta18g01360
18	247556	248055	internal.gene.body	ostta18g01360
18	248384	249378	TSS	ostta18g01370
18	248381	249374	TSS	ostta18g01370
18	251804	252252	TSS	ostta18g01390
18	251795	252263	TSS	ostta18g01390
18	257397	257618	internal.gene.body	ostta18g01430
18	257333	257742	internal.gene.body	ostta18g01430
18	260559	261280	TSS	ostta18g01440
18	260502	261279	TSS	ostta18g01440
18	271859	273257	TSS	ostta18g01540,ostta18g01530
18	271856	273213	gene.body	ostta18g01530
18	277667	277874	intergenic	
18	277666	277874	intergenic	
18	278682	279600	TSS	ostta18g01570
18	278687	279600	TSS	ostta18g01570
18	282335	283005	TSS	ostta18g01600
18	282335	283015	TSS	ostta18g01600
18	289085	289655	TSS	ostta18g01630,ostta18g01620
18	289067	289711	TSS	ostta18g01630,ostta18g01620
18	294931	295449	TSS	ostta18g01660
18	294932	295449	TSS	ostta18g01660
18	302977	303700	TSS	ostta18g01720
18	302973	303607	TSS	ostta18g01720
18	308711	308954	internal.gene.body	ostta18g01760
18	311253	311473	intergenic	
18	315865	317240	TSS	ostta18g01830,ostta18g01820
18	315843	317207	TSS	ostta18g01830,ostta18g01820
18	324090	325271	TSS	ostta18g01890,ostta18g01880
18	324121	325251	TSS	ostta18g01890,ostta18g01880
18	326049	326817	internal.gene.body	ostta18g01890
18	326043	326817	internal.gene.body	ostta18g01890
18	330189	331117	TSS	ostta18g01920
18	330191	331125	TSS	ostta18g01920
19	62901	63264	intergenic	
19	62912	63263	intergenic	
19	84597	84773	internal.gene.body	ostta19g00320
19	100083	100254	internal.gene.body	ostta19g00410
19	123229	123430	intergenic	
2	14972	16241	internal.gene.body	ostta02g00050
2	14991	16315	internal.gene.body	ostta02g00050
2	17778	18771	gene.body	ostta02g00080
2	17782	18771	gene.body	ostta02g00080
2	20543	20918	TSS	ostta02g00093
2	21228	22224	gene.body	ostta02g00100
2	21289	22210	gene.body	ostta02g00100
2	24301	24675	intergenic	
2	24283	24672	intergenic	
2	55150	56180	TSS	ostta02g00190
2	55338	56156	TSS	ostta02g00190
2	59371	59705	TSS	ostta02g00200
2	59407	59686	TSS	ostta02g00200
2	61683	63277	gene.body	ostta02g00220,ostta02g00230
2	61664	63296	gene.body	ostta02g00220,ostta02g00230
2	78079	79083	TSS	ostta02g00290
2	78079	79083	TSS	ostta02g00290
2	79643	79923	TES	ostta02g00290
2	79663	79923	intergenic	
2	90776	91650	TSS	ostta02g00360
2	90796	91589	TSS	ostta02g00360
2	93616	94379	TSS	ostta02g00370
2	93653	94337	TSS	ostta02g00370
2	96321	96801	TSS	ostta02g00380
2	96399	96794	TSS	ostta02g00380
2	98392	99185	TSS	ostta02g00400
2	98478	99185	TSS	ostta02g00400
2	103790	104273	intergenic	
2	103820	104261	intergenic	
2	106849	107483	TSS	ostta02g00420
2	107812	108255	intergenic	
2	107834	108249	intergenic	
2	109824	110307	TSS	ostta02g00430
2	109828	110269	TSS	ostta02g00430
2	118437	118753	TSS	ostta02g00470
2	128232	128628	intergenic	
2	128235	128575	intergenic	
2	135208	135978	TSS	ostta02g00580
2	135293	135969	TSS	ostta02g00580
2	141478	142105	TSS	ostta02g00610
2	141494	142080	TSS	ostta02g00610
2	150695	151336	TSS	ostta02g00670
2	150705	151316	TSS	ostta02g00670
2	158225	158483	TES	ostta02g00700
2	182241	182471	TES	ostta02g00770
2	185661	186169	TSS	ostta02g00790
2	185661	186143	TSS	ostta02g00790
2	222461	223138	internal.gene.body	ostta02g00800
2	222401	223118	internal.gene.body	ostta02g00800
2	234017	234232	internal.gene.body	ostta02g00870
2	235506	237257	gene.body	ostta02g00890
2	235526	237184	gene.body	ostta02g00890
2	260431	261294	gene.body	ostta02g01010
2	260433	261591	gene.body	ostta02g01010
2	278577	279169	TSS	ostta02g01070
2	278665	279169	TSS	ostta02g01070
2	281685	282285	TSS	ostta02g01100
2	281685	282271	TSS	ostta02g01100
2	291434	291747	internal.gene.body	ostta02g01140
2	291360	291725	internal.gene.body	ostta02g01140
2	306053	306335	internal.gene.body	ostta02g01245
2	306078	306333	internal.gene.body	ostta02g01245
2	306821	307399	TSS	ostta02g01247
2	307080	307379	TSS	ostta02g01247
2	310016	310397	TSS	ostta02g01260
2	310139	310386	TSS	ostta02g01260
2	311368	311905	TSS	ostta02g01270
2	311396	311876	TSS	ostta02g01270
2	314823	315383	intergenic	
2	314807	315374	intergenic	
2	316230	317076	gene.body	ostta02g01300
2	316243	317056	gene.body	ostta02g01300
2	320268	320515	intergenic	
2	320240	320511	intergenic	
2	321272	321522	TSS	ostta02g01330
2	322969	323214	TSS	ostta02g01350
2	322970	323209	TSS	ostta02g01350
2	326463	326664	TSS	ostta02g01370
2	332289	332512	intergenic	
2	337142	337716	intergenic	
2	337153	337701	intergenic	
2	338106	338604	internal.gene.body	ostta02g01460
2	366898	367286	TSS	ostta02g01670
2	366900	367288	TSS	ostta02g01670
2	373762	374103	TSS	ostta02g01720
2	373802	374076	internal.gene.body	ostta02g01720
2	381969	382794	TSS	ostta02g01790
2	381998	382790	TSS	ostta02g01790
2	383280	383936	TSS	ostta02g01810
2	383277	383802	TSS	ostta02g01810
2	404620	405466	TSS	ostta02g01910
2	404637	405460	TSS	ostta02g01910
2	405949	406429	TSS	ostta02g01920
2	405951	406360	TSS	ostta02g01920
2	452282	452877	TSS	ostta02g02200
2	452286	452869	TSS	ostta02g02200
2	457435	457907	intergenic	
2	457461	457919	intergenic	
2	473468	474105	TSS	ostta02g02320
2	473474	474093	TSS	ostta02g02320
2	486335	487107	TSS	ostta02g02380
2	486361	487050	TSS	ostta02g02380
2	498565	498778	intergenic	
2	498588	498778	intergenic	
2	501541	501801	internal.gene.body	ostta02g02460
2	501547	501839	internal.gene.body	ostta02g02460
2	506379	506760	TSS	ostta02g02475
2	506400	506749	TSS	ostta02g02475
2	513538	514247	TSS	ostta02g02490
2	513571	514239	TSS	ostta02g02490
2	516593	516845	TSS	ostta02g02500
2	519188	519993	TSS	ostta02g02510
2	519199	519980	TSS	ostta02g02510
2	524180	525241	gene.body	ostta02g02530,ostta02g02540
2	524185	525223	gene.body	ostta02g02530,ostta02g02540
2	526734	528649	gene.body	ostta02g02560
2	526756	527509	gene.body	ostta02g02560
2	527805	528581	TSS	ostta02g02570
2	533771	534381	intergenic	
2	533783	534386	intergenic	
2	545833	546443	TSS	ostta02g02660
2	545841	546391	TSS	ostta02g02660
2	552008	553008	gene.body	ostta02g02700
2	552009	552967	gene.body	ostta02g02700
2	553913	554851	TSS	ostta02g02710
2	555140	555544	TES	ostta02g02715
2	553955	554618	TSS	ostta02g02710
2	555154	555450	intergenic	
2	571115	571789	TSS	ostta02g02800
2	571224	571782	TSS	ostta02g02800
2	572213	572468	TSS	ostta02g02810
2	572213	572554	TSS	ostta02g02810
2	599752	600369	TSS	ostta02g03000,ostta02g02990
2	599709	600365	TSS	ostta02g03000,ostta02g02990
2	605428	605870	intergenic	
2	605446	605870	intergenic	
2	608150	608256	internal.gene.body	ostta02g03050
2	608659	609345	TSS	ostta02g03060
2	608659	609311	TSS	ostta02g03060
2	612186	613013	TSS	ostta02g03080
2	612237	612992	TSS	ostta02g03080
2	614800	615755	TSS	ostta02g03100,ostta02g03090
2	614767	615766	TSS	ostta02g03100,ostta02g03090
2	619265	620063	TSS	ostta02g03140
2	619268	620063	TSS	ostta02g03140
2	637665	638342	TSS	ostta02g03260
2	637669	638342	TSS	ostta02g03260
2	639177	639979	TSS	ostta02g03270
2	639008	639983	TSS	ostta02g03270
2	648481	650132	TSS	ostta02g03330,ostta02g03320
2	648496	650123	TSS	ostta02g03330,ostta02g03320
2	662587	663789	TSS	ostta02g03400,ostta02g03390
2	662752	663760	TSS	ostta02g03400,ostta02g03390
2	671795	672142	internal.gene.body	ostta02g03430
2	671785	672122	internal.gene.body	ostta02g03430
2	672584	673758	TSS	ostta02g03440
2	672583	673506	TSS	ostta02g03440
2	689706	690333	TSS	ostta02g03520
2	689699	690333	TSS	ostta02g03520
2	691867	693024	gene.body	ostta02g03530
2	691900	693024	TSS	ostta02g03540,ostta02g03530
2	716988	718033	TSS	ostta02g03650,ostta02g03640
2	716947	718073	TSS	ostta02g03650,ostta02g03640
2	723074	723536	TSS	ostta02g03680
2	723077	723536	TSS	ostta02g03680
2	739452	740360	TSS	ostta02g03790,ostta02g03780
2	739453	740356	TSS	ostta02g03790,ostta02g03780
2	740652	741034	internal.gene.body	ostta02g03800
2	741623	742639	TSS	ostta02g03820,ostta02g03810
2	740691	741102	internal.gene.body	ostta02g03800
2	741681	742766	TSS	ostta02g03820,ostta02g03810
2	752828	753076	internal.gene.body	ostta02g03850
2	753531	754791	TSS	ostta02g03870,ostta02g03860
2	753556	754375	TSS	ostta02g03860
2	760321	760648	TSS	ostta02g03900
2	760321	760648	TSS	ostta02g03900
2	776063	776305	internal.gene.body	ostta02g03960
2	790642	791100	TSS	ostta02g04050
2	790643	791109	TSS	ostta02g04050
2	858746	859448	TSS	ostta02g04310,ostta02g04300
2	858773	859573	TSS	ostta02g04310
2	860151	860380	internal.gene.body	ostta02g04320
2	860151	860326	internal.gene.body	ostta02g04320
2	864473	865428	TSS	ostta02g04340
2	864465	865576	TSS	ostta02g04340
2	867958	868459	TSS	ostta02g04360
2	867959	868453	TSS	ostta02g04360
2	871534	872371	TSS	ostta02g04390
2	871576	872369	TSS	ostta02g04390
2	888066	888910	TSS	ostta02g04500
2	888097	888897	TSS	ostta02g04500
2	895581	896251	TSS	ostta02g04550
2	895507	896253	TSS	ostta02g04550
2	896811	897987	TSS	ostta02g04560
2	896802	897993	TSS	ostta02g04560
2	907715	908272	TSS	ostta02g04610
2	907738	908281	TSS	ostta02g04610
2	913226	913823	TSS	ostta02g04650
2	913196	913827	TSS	ostta02g04650
2	931518	932206	TSS	ostta02g04680
2	931523	932210	TSS	ostta02g04680
2	957660	958174	gene.body	ostta02g04840
2	963121	963471	internal.gene.body	ostta02g04880
2	963071	963427	internal.gene.body	ostta02g04880
2	970844	971081	internal.gene.body	ostta02g04930
2	970861	971081	internal.gene.body	ostta02g04930
2	971730	972145	internal.gene.body	ostta02g04940
2	973508	973716	internal.gene.body	ostta02g04950
2	986896	987287	TSS	ostta02g05050
2	986899	987286	TSS	ostta02g05050
2	996025	997116	TSS	ostta02g05090,ostta02g05080
2	995925	996945	TSS	ostta02g05090,ostta02g05080
2	1004138	1004239	internal.gene.body	ostta02g05115
2	1008824	1009639	TSS	ostta02g05150
2	1008779	1009626	TSS	ostta02g05150
2	1021932	1022143	TSS	ostta02g05225
2	1025648	1026788	TSS	ostta02g05260
2	1025696	1026784	TSS	ostta02g05260
2	1027878	1028066	TSS	ostta02g05270
2	1029905	1030219	internal.gene.body	ostta02g05290
2	1037358	1038206	TSS	ostta02g05340
2	1037362	1038190	TSS	ostta02g05340
2	1049773	1050741	TSS	ostta02g05430
2	1049773	1050763	TSS	ostta02g05430
2	1054824	1055659	TSS	ostta02g05470,ostta02g05460
2	1054804	1055664	TSS	ostta02g05470,ostta02g05460
2	1057411	1058124	TSS	ostta02g05480
2	1057415	1058122	TSS	ostta02g05480
2	1063864	1064642	TSS	ostta02g05510
2	1063869	1064564	TSS	ostta02g05510
20	1699	1919	internal.gene.body	ostta20g00020
20	6595	7419	TSS	ostta20g00035
20	6610	7419	TSS	ostta20g00035
20	16465	17294	TSS	ostta20g00100
20	16465	17272	TSS	ostta20g00100
20	20282	21887	TSS	ostta20g00130,ostta20g00120
20	20398	21662	TSS	ostta20g00130,ostta20g00120
20	24208	24450	intergenic	
20	24222	24477	intergenic	
20	25648	27009	TSS	ostta20g00170,ostta20g00160
20	25770	26963	TSS	ostta20g00170,ostta20g00160
20	33367	34771	TSS	ostta20g00200
20	33441	34776	TSS	ostta20g00200
20	37867	38281	internal.gene.body	ostta20g00220
20	37871	38255	internal.gene.body	ostta20g00220
20	43910	44827	gene.body	ostta20g00240
20	43887	44827	gene.body	ostta20g00240
20	48681	48997	TSS	ostta20g00270
20	48680	49205	TSS	ostta20g00270
20	55300	55866	TSS	ostta20g00300
20	55298	55976	TSS	ostta20g00300
20	56756	57057	internal.gene.body	ostta20g00310
20	61356	62098	TSS	ostta20g00350
20	61714	62201	TES	ostta20g00350
20	63981	65359	gene.body	ostta20g00380
20	63942	65515	gene.body	ostta20g00380
20	82806	83566	TSS	ostta20g00490,ostta20g00480
20	82770	83623	TSS	ostta20g00490,ostta20g00480
20	91501	91756	TSS	ostta20g00540
20	91396	91747	TSS	ostta20g00540
20	96016	97562	TSS	ostta20g00570,ostta20g00560
20	96332	97562	TSS	ostta20g00570,ostta20g00560
20	105062	105733	intergenic	
20	104873	106166	TSS	ostta20g00630,ostta20g00620
20	107397	108759	TSS	ostta20g00640
20	109052	109425	internal.gene.body	ostta20g00650
20	109707	110110	TES	ostta20g00660
20	107438	110078	gene.body	ostta20g00650
20	115347	116732	gene.body	ostta20g00690
20	115345	116792	gene.body	ostta20g00690
20	153311	154049	TSS	ostta20g00895,ostta20g00890
20	153324	154056	TSS	ostta20g00895,ostta20g00890
20	154584	155180	TSS	ostta20g00900
20	154592	155234	TSS	ostta20g00900
20	155511	155698	internal.gene.body	ostta20g00910
20	156614	156869	internal.gene.body	ostta20g00920
20	158190	158399	internal.gene.body	ostta20g00930
3	25006	25220	internal.gene.body	ostta03g00130
3	25006	25185	internal.gene.body	ostta03g00130
3	30592	30640	internal.gene.body	ostta03g00170
3	37869	38513	TSS	ostta03g00220
3	37873	38511	TSS	ostta03g00220
3	52247	52455	TSS	ostta03g00240
3	52884	53269	TES	ostta03g00250
3	52896	53247	TES	ostta03g00250
3	67230	67527	internal.gene.body	ostta03g00320
3	99471	99701	TSS	ostta03g00570
3	111936	112170	internal.gene.body	ostta03g00660
3	111853	112008	TSS	ostta03g00660
3	131316	131870	TSS	ostta03g00760
3	131366	131868	TSS	ostta03g00760
3	135181	135381	TSS	ostta03g00770
3	148494	149012	TSS	ostta03g00840
3	148494	149012	TSS	ostta03g00840
3	149546	149712	TES	ostta03g00850
3	160794	161798	TSS	ostta03g00910
3	160727	161793	TSS	ostta03g00910
3	178189	178828	TSS	ostta03g01020
3	178185	178830	TSS	ostta03g01020
3	182938	183283	TSS	ostta03g01060,ostta03g01050
3	191865	192424	TSS	ostta03g01100
3	191873	192423	TSS	ostta03g01100
3	205251	206094	TSS	ostta03g01170
3	205251	206094	TSS	ostta03g01170
3	229512	231867	gene.body	ostta03g01330,ostta03g01340,ostta03g01350
3	229509	231842	gene.body	ostta03g01330,ostta03g01340,ostta03g01350
3	234120	234467	intergenic	
3	234125	234467	intergenic	
3	249178	249724	TSS	ostta03g01460
3	249180	249725	TSS	ostta03g01460
3	270987	271736	TSS	ostta03g01600
3	270988	271740	TSS	ostta03g01600
3	302010	302933	TSS	ostta03g01820
3	302009	302984	TSS	ostta03g01820
3	314269	314959	TSS	ostta03g01910
3	314313	314951	TSS	ostta03g01910
3	324101	325194	TSS	ostta03g01980,ostta03g01970
3	324107	325235	TSS	ostta03g01980,ostta03g01970
3	333443	333666	internal.gene.body	ostta03g02030
3	333401	333703	internal.gene.body	ostta03g02030
3	348729	349079	internal.gene.body	ostta03g02140
3	348722	349039	internal.gene.body	ostta03g02140
3	355372	355661	TSS	ostta03g02190
3	355364	355660	TSS	ostta03g02190
3	369896	370094	intergenic	
3	373588	374028	TSS	ostta03g02290
3	373588	374028	TSS	ostta03g02290
3	387333	387679	TSS	ostta03g02370
3	387339	387703	TSS	ostta03g02370
3	390043	390638	TSS	ostta03g02380
3	390063	390639	TSS	ostta03g02380
3	398692	399067	TSS	ostta03g02450
3	399768	400377	TSS	ostta03g02470
3	399805	400363	TSS	ostta03g02470
3	407427	408327	TSS	ostta03g02540,ostta03g02530
3	407427	408345	TSS	ostta03g02540,ostta03g02530
3	421099	421142	TSS	ostta03g02620
3	426514	427823	TSS	ostta03g02670,ostta03g02660
3	426355	427792	TSS	ostta03g02670,ostta03g02660
3	431147	431508	TSS	ostta03g02700,ostta03g02690
3	430949	431514	TSS	ostta03g02700,ostta03g02690
3	434398	434631	internal.gene.body	ostta03g02720
3	434388	434652	internal.gene.body	ostta03g02720
3	441742	442777	TSS	ostta03g02770
3	441741	442786	TSS	ostta03g02770
3	463147	463389	internal.gene.body	ostta03g02830
3	463134	463417	internal.gene.body	ostta03g02830
3	479295	479599	internal.gene.body	ostta03g02925
3	479295	479661	internal.gene.body	ostta03g02925
3	485598	486415	TSS	ostta03g02960
3	485598	486649	TSS	ostta03g02970,ostta03g02960
3	488162	488672	intergenic	
3	488163	488672	intergenic	
3	529032	529266	internal.gene.body	ostta03g03200
3	529029	529327	internal.gene.body	ostta03g03200
3	539183	540171	TSS	ostta03g03240
3	538807	540160	TSS	ostta03g03240,ostta03g03230
3	540497	540913	internal.gene.body	ostta03g03250
3	540523	540904	internal.gene.body	ostta03g03250
3	545138	546130	TSS	ostta03g03300,ostta03g03290
3	545124	546107	TSS	ostta03g03300,ostta03g03290
3	567556	568507	TSS	ostta03g03390
3	567769	568507	TSS	ostta03g03390
3	584814	586195	TSS	ostta03g03520,ostta03g03510
3	584801	586209	TSS	ostta03g03520,ostta03g03510
3	599318	599848	TSS	ostta03g03600
3	613344	613563	internal.gene.body	ostta03g03680
3	613373	613563	internal.gene.body	ostta03g03680
3	632618	632697	internal.gene.body	ostta03g03825
3	679257	679488	TSS	ostta03g04120
3	708104	709436	TSS	ostta03g04290,ostta03g04280
3	708098	709434	TSS	ostta03g04290,ostta03g04280
3	717131	717520	TSS	ostta03g04340
3	717070	717509	TSS	ostta03g04340
3	718766	719103	TSS	ostta03g04350
3	718766	719084	TSS	ostta03g04350
3	719821	720835	TSS	ostta03g04370,ostta03g04360
3	719796	720835	TSS	ostta03g04370,ostta03g04360
3	721472	722435	TSS	ostta03g04380
3	721527	722435	TSS	ostta03g04380
3	738327	739111	TSS	ostta03g04500
3	739393	739921	TSS	ostta03g04510
3	738355	739920	TSS	ostta03g04510,ostta03g04500
3	744343	745821	TSS	ostta03g04550,ostta03g04540
3	744520	745754	TSS	ostta03g04550,ostta03g04540
3	762275	763073	TSS	ostta03g04660
3	762390	763086	TSS	ostta03g04660
3	770161	770798	TSS	ostta03g04670
3	770152	770788	TSS	ostta03g04670
3	801019	801530	TSS	ostta03g04830
3	801029	801530	TSS	ostta03g04830
3	812386	812969	TSS	ostta03g04920
3	812386	812968	TSS	ostta03g04920
3	815673	815896	internal.gene.body	ostta03g04940
3	817607	818229	gene.body	ostta03g04960
3	817606	818245	gene.body	ostta03g04960
3	819455	820431	TSS	ostta03g04980,ostta03g04970
3	819456	820410	TSS	ostta03g04980,ostta03g04970
3	848406	848528	TSS	ostta03g05090
3	848095	848528	TSS	ostta03g05090
3	871088	871452	TSS	ostta03g05220,ostta03g05210
3	871198	871440	TSS	ostta03g05220,ostta03g05210
3	880527	880968	TSS	ostta03g05300
3	880531	880983	TSS	ostta03g05300
3	891363	891602	internal.gene.body	ostta03g05380
3	891384	891602	internal.gene.body	ostta03g05380
3	895616	896796	TSS	ostta03g05410,ostta03g05400
3	895563	896847	TSS	ostta03g05410,ostta03g05400
3	901290	901580	TSS	ostta03g05435
3	901512	901581	internal.gene.body	ostta03g05435
3	902262	903337	TSS	ostta03g05450,ostta03g05440
3	901908	901933	internal.gene.body	ostta03g05435
3	902233	903355	TSS	ostta03g05450,ostta03g05440
3	909969	911483	gene.body	ostta03g05480
3	909969	911483	gene.body	ostta03g05480
3	958033	958787	TSS	ostta03g05760
3	957586	958775	TSS	ostta03g05760,ostta03g05750
3	980132	980301	TSS	ostta03g05900
4	12571	13417	TSS	ostta04g00090
4	12588	13411	TSS	ostta04g00090
4	19207	19596	TSS	ostta04g00130
4	19207	19596	TSS	ostta04g00130
4	47974	48957	TSS	ostta04g00350,ostta04g00340
4	47878	48952	TSS	ostta04g00350,ostta04g00340
4	52559	53363	TSS	ostta04g00370
4	52569	53283	TSS	ostta04g00370
4	104908	105131	internal.gene.body	ostta04g00630
4	145724	146310	TSS	ostta04g00830
4	145725	146313	TSS	ostta04g00830
4	166226	166460	intergenic	
4	166220	166444	intergenic	
4	173852	174360	TSS	ostta04g00960
4	173875	174364	TSS	ostta04g00960
4	179659	180510	TSS	ostta04g01010
4	179670	180528	TSS	ostta04g01010
4	218828	219803	TSS	ostta04g01270
4	218837	219803	TSS	ostta04g01270
4	236371	237482	TSS	ostta04g01310
4	236395	237493	TSS	ostta04g01310
4	249805	250083	internal.gene.body	ostta04g01420
4	301046	301849	TSS	ostta04g01760
4	301057	301849	TSS	ostta04g01760
4	314095	314938	TSS	ostta04g01830
4	314082	315241	TSS	ostta04g01840,ostta04g01830
4	322769	323972	TSS	ostta04g01860,ostta04g01850
4	322591	323963	TSS	ostta04g01860,ostta04g01850
4	353600	353804	internal.gene.body	ostta04g02000
4	354111	354567	TSS	ostta04g02010
4	354114	354585	TSS	ostta04g02010
4	357285	357656	TSS	ostta04g02020
4	357365	357656	TSS	ostta04g02020
4	380100	380775	TSS	ostta04g02110
4	379951	380781	TSS	ostta04g02110
4	407522	408495	TSS	ostta04g02210
4	407518	408524	TSS	ostta04g02210
4	411597	412900	TSS	ostta04g02240,ostta04g02230
4	411586	412782	gene.body	ostta04g02230
4	419438	420332	TSS	ostta04g02280,ostta04g02270
4	419504	420325	TSS	ostta04g02280,ostta04g02270
4	436635	437320	TSS	ostta04g02390
4	436639	437320	TSS	ostta04g02390
4	451830	452573	TSS	ostta04g02510
4	451866	452576	TSS	ostta04g02510
4	457332	458081	TSS	ostta04g02560,ostta04g02550
4	457373	458075	TSS	ostta04g02560,ostta04g02550
4	471423	471629	TSS	ostta04g02650
4	471251	471498	internal.gene.body	ostta04g02650
4	477261	477623	internal.gene.body	ostta04g02710
4	479222	479828	TSS	ostta04g02740
4	479229	479856	TSS	ostta04g02740
4	494483	495566	TSS	ostta04g02830,ostta04g02820
4	494550	495549	TSS	ostta04g02830,ostta04g02820
4	500816	501267	TSS	ostta04g02840
4	500825	501381	TSS	ostta04g02840
4	503755	504449	TSS	ostta04g02850
4	503802	504453	TSS	ostta04g02850
4	517294	517893	TSS	ostta04g02910
4	517278	517890	TSS	ostta04g02910
4	525717	526270	TSS	ostta04g02970
4	525726	526294	TSS	ostta04g02970
4	528967	529203	internal.gene.body	ostta04g03000
4	528959	529202	internal.gene.body	ostta04g03000
4	535569	535702	intergenic	
4	537927	538144	TES	ostta04g03060
4	557930	558196	TSS	ostta04g03170
4	608840	609404	TSS	ostta04g03460
4	608847	609398	TSS	ostta04g03460
4	617100	617688	TSS	ostta04g03510
4	617101	617688	TSS	ostta04g03510
4	622118	622961	TSS	ostta04g03540,ostta04g03530
4	622032	623202	TSS	ostta04g03540,ostta04g03530
4	629685	629810	internal.gene.body	ostta04g03580
4	629685	629986	internal.gene.body	ostta04g03580
4	662214	662721	TSS	ostta04g03850,ostta04g03840
4	662214	662402	internal.gene.body	ostta04g03840
4	676550	676710	internal.gene.body	ostta04g03940
4	711610	713423	gene.body	ostta04g04150
4	711669	713423	gene.body	ostta04g04150
4	713794	714919	gene.body	ostta04g04170
4	713839	714893	TSS	ostta04g04170
4	723085	723998	TSS	ostta04g04250
4	723086	723998	TSS	ostta04g04250
4	729499	729714	intergenic	
4	748286	748541	internal.gene.body	ostta04g04420
4	748318	748560	internal.gene.body	ostta04g04420
4	768886	769506	TSS	ostta04g04580
4	768880	769496	TSS	ostta04g04580
4	789973	790043	internal.gene.body	ostta04g04690
4	820206	820988	TSS	ostta04g04820
4	820272	820995	TSS	ostta04g04820
4	828748	829748	TSS	ostta04g04870
4	828761	829671	TSS	ostta04g04870
4	830596	830831	internal.gene.body	ostta04g04880
4	836702	837992	TSS	ostta04g04930,ostta04g04920
4	836690	837992	TSS	ostta04g04930,ostta04g04920
4	850334	851652	gene.body	ostta04g05030
4	850322	851652	gene.body	ostta04g05030
4	886569	887215	TSS	ostta04g05280
4	886583	887205	TSS	ostta04g05280
4	890303	891284	TSS	ostta04g05310
4	890298	891383	TSS	ostta04g05310
5	1198	1409	TSS	ostta05g00020
5	8624	9214	TSS	ostta05g00060,ostta05g00050
5	8624	8875	internal.gene.body	ostta05g00050
5	11893	12563	TSS	ostta05g00070
5	11741	12554	TSS	ostta05g00070
5	13069	13307	internal.gene.body	ostta05g00075
5	13069	13309	internal.gene.body	ostta05g00075
5	19078	19883	TSS	ostta05g00110
5	19070	19869	TSS	ostta05g00110
5	23244	23684	TSS	ostta05g00150
5	23245	23708	TSS	ostta05g00150
5	37703	37887	internal.gene.body	ostta05g00230
5	38764	38980	internal.gene.body	ostta05g00240
5	54450	54977	TSS	ostta05g00350
5	54450	54932	TSS	ostta05g00350
5	76666	76859	TSS	ostta05g00500
5	136273	137206	TSS	ostta05g00940
5	136273	137199	TSS	ostta05g00940
5	152921	153370	TSS	ostta05g01050
5	152907	153381	TSS	ostta05g01050
5	163489	164660	TSS	ostta05g01110
5	163510	164672	TSS	ostta05g01110
5	175738	175967	internal.gene.body	ostta05g01200
5	208498	209300	TSS	ostta05g01370
5	208600	209300	TSS	ostta05g01370
5	213310	213515	internal.gene.body	ostta05g01390
5	213217	213377	internal.gene.body	ostta05g01390
5	223884	224443	TSS	ostta05g01460,ostta05g01450
5	223912	224408	TSS	ostta05g01460
5	233609	233883	internal.gene.body	ostta05g01530
5	245591	245947	internal.gene.body	ostta05g01610
5	247693	247908	internal.gene.body	ostta05g01620
5	247709	248002	internal.gene.body	ostta05g01620
5	251567	252111	TSS	ostta05g01640
5	251571	252096	TSS	ostta05g01640
5	256221	256736	TSS	ostta05g01660
5	256178	256734	TSS	ostta05g01660
5	264865	265470	TSS	ostta05g01690
5	264867	265469	TSS	ostta05g01690
5	266918	267296	TSS	ostta05g01710
5	266896	267283	TSS	ostta05g01710
5	293442	293667	internal.gene.body	ostta05g01890
5	302003	302618	TSS	ostta05g01970
5	301996	302626	TSS	ostta05g01970
5	322740	324068	TSS	ostta05g02070,ostta05g02060
5	322705	324096	TSS	ostta05g02070,ostta05g02060
5	347982	348465	TSS	ostta05g02200
5	347982	348465	TSS	ostta05g02200
5	354106	354339	TSS	ostta05g02235
5	365578	365819	internal.gene.body	ostta05g02290
5	421703	421903	internal.gene.body	ostta05g02550
5	424508	424810	internal.gene.body	ostta05g02580
5	424495	424810	internal.gene.body	ostta05g02580
5	428901	429641	TSS	ostta05g02600
5	428901	429611	TSS	ostta05g02600
5	430905	431196	internal.gene.body	ostta05g02620
5	449498	449702	internal.gene.body	ostta05g02710
5	476077	476475	TSS	ostta05g02860
5	476077	476465	TSS	ostta05g02860
5	476850	477451	TSS	ostta05g02870
5	476802	477471	TSS	ostta05g02870
5	485961	486748	TSS	ostta05g02930
5	486004	486756	TSS	ostta05g02930
5	510263	511275	TSS	ostta05g03090,ostta05g03080
5	510233	511278	TSS	ostta05g03090,ostta05g03080
5	538935	539506	TES	ostta05g03300
5	538921	539434	internal.gene.body	ostta05g03290
5	541999	542212	internal.gene.body	ostta05g03310
5	547973	548583	TSS	ostta05g03350,ostta05g03340
5	547977	548755	TSS	ostta05g03350,ostta05g03340
5	562089	563432	TES	ostta05g03430
5	562109	563432	TES	ostta05g03430
5	581438	582081	TSS	ostta05g03520,ostta05g03510
5	581351	582215	TSS	ostta05g03520,ostta05g03510
5	630881	632245	gene.body	ostta05g03820
5	630915	632238	gene.body	ostta05g03820
5	636773	637606	TSS	ostta05g03870
5	636767	637606	TSS	ostta05g03870
5	653602	654027	TSS	ostta05g03970,ostta05g03960
5	653602	654027	TSS	ostta05g03970,ostta05g03960
5	659425	659918	TSS	ostta05g04020
5	659421	659909	TSS	ostta05g04020
5	672192	672961	TSS	ostta05g04090
5	672196	672961	TSS	ostta05g04090
5	695833	696172	internal.gene.body	ostta05g04200
5	730626	731053	TSS	ostta05g04420,ostta05g04415
5	732283	733029	TSS	ostta05g04430
5	732288	733029	TSS	ostta05g04430
5	743630	744548	TSS	ostta05g04490,ostta05g04480
5	743302	744541	TSS	ostta05g04490,ostta05g04480
5	746465	746838	internal.gene.body	ostta05g04510
5	748794	749303	TSS	ostta05g04530
5	748799	749303	TSS	ostta05g04530
5	753836	754589	TSS	ostta05g04560
5	753846	754588	TSS	ostta05g04560
5	763600	763818	internal.gene.body	ostta05g04600
5	781660	782959	gene.body	ostta05g04690
5	781580	782983	gene.body	ostta05g04690
5	787435	787469	internal.gene.body	ostta05g04730
5	787139	787460	TSS	ostta05g04730,ostta05g04720
5	787748	787916	internal.gene.body	ostta05g04730
5	798588	798789	internal.gene.body	ostta05g04810
5	807307	807526	internal.gene.body	ostta05g04870
5	807224	807519	internal.gene.body	ostta05g04870
5	813048	813812	gene.body	ostta05g04900
5	813400	813832	TSS	ostta05g04900
5	814343	815507	TSS	ostta05g04910
5	814332	815482	TSS	ostta05g04910
5	826020	826190	internal.gene.body	ostta05g04980
6	30028	30712	gene.body	ostta06g00140
6	30029	30708	gene.body	ostta06g00140
6	36910	37201	TSS	ostta06g00190
6	36900	37201	TSS	ostta06g00190
6	40660	42316	gene.body	ostta06g00220
6	40670	42922	gene.body	ostta06g00220,ostta06g00230
6	45328	45570	internal.gene.body	ostta06g00270
6	73547	74161	TSS	ostta06g00430
6	73549	74161	TSS	ostta06g00430
6	80893	81136	internal.gene.body	ostta06g00480
6	103634	104152	TSS	ostta06g00630
6	103639	104176	TSS	ostta06g00630
6	106065	106527	TSS	ostta06g00640
6	106061	106527	TSS	ostta06g00640
6	148755	148978	TSS	ostta06g00920
6	168080	169211	TSS	ostta06g01020,ostta06g01010
6	168196	169222	TSS	ostta06g01020,ostta06g01010
6	170876	171856	TSS	ostta06g01030
6	170889	171830	TSS	ostta06g01030
6	177204	177995	TSS	ostta06g01070
6	177168	177991	TSS	ostta06g01070
6	190705	191522	TSS	ostta06g01150
6	190752	191522	TSS	ostta06g01150
6	192117	193250	TSS	ostta06g01180,ostta06g01170
6	192033	193225	TSS	ostta06g01180,ostta06g01170
6	198537	199044	TSS	ostta06g01220
6	198538	199039	TSS	ostta06g01220
6	201699	202149	TSS	ostta06g01240
6	201722	202194	TSS	ostta06g01250,ostta06g01240
6	244018	244229	TSS	ostta06g01440
6	246905	247913	TSS	ostta06g01470,ostta06g01460
6	246887	247992	TSS	ostta06g01470,ostta06g01460
6	262012	262759	TSS	ostta06g01530
6	262013	262753	TSS	ostta06g01530
6	279160	279783	TSS	ostta06g01640
6	279160	279777	TSS	ostta06g01640
6	300686	300968	TES	ostta06g01800
6	300682	300956	TES	ostta06g01800
6	309833	310634	TSS	ostta06g01860
6	309822	310615	TSS	ostta06g01860
6	316809	317384	TSS	ostta06g01920,ostta06g01910
6	316806	317386	TSS	ostta06g01920,ostta06g01910
6	319549	320071	TSS	ostta06g01940
6	319561	319989	TSS	ostta06g01940
6	360364	360695	TSS	ostta06g02150
6	360364	360698	TSS	ostta06g02150
6	363542	364056	TSS	ostta06g02180
6	363426	364060	TSS	ostta06g02180
6	376877	377274	TSS	ostta06g02280
6	376901	377176	intergenic	
6	378368	378612	internal.gene.body	ostta06g02290
6	378344	378613	internal.gene.body	ostta06g02290
6	385881	386403	TSS	ostta06g02340
6	385879	386407	TSS	ostta06g02340
6	452196	452407	internal.gene.body	ostta06g02690
6	483850	484487	TSS	ostta06g02850
6	483849	484481	TSS	ostta06g02850
6	485560	488051	gene.body	ostta06g02870,ostta06g02880
6	485560	487992	gene.body	ostta06g02870,ostta06g02880
6	504450	505317	TSS	ostta06g03020
6	504450	505316	TSS	ostta06g03020
6	517244	517943	TSS	ostta06g03060
6	517248	517931	TSS	ostta06g03060
6	552273	552917	TSS	ostta06g03280
6	552277	552917	TSS	ostta06g03280
6	565970	566510	TSS	ostta06g03332
6	565875	566506	TSS	ostta06g03332
6	599468	599878	TSS	ostta06g03490
6	600588	601118	gene.body	ostta06g03500
6	599484	600033	TSS	ostta06g03490
6	600515	601128	gene.body	ostta06g03500
6	608699	609556	TSS	ostta06g03570,ostta06g03560
6	608730	609516	TSS	ostta06g03570,ostta06g03560
6	612590	613044	TSS	ostta06g03580
6	612595	613034	TSS	ostta06g03580
6	615836	616142	TSS	ostta06g03620
6	615836	616166	TSS	ostta06g03620
6	623467	624301	TSS	ostta06g03640
6	623479	624372	TSS	ostta06g03640
6	631621	631833	internal.gene.body	ostta06g03680
6	642121	642443	TSS	ostta06g03740
6	652438	653555	TSS	ostta06g03820,ostta06g03810
6	652393	653512	TSS	ostta06g03820,ostta06g03810
6	659117	659818	TSS	ostta06g03840
6	659058	659817	TSS	ostta06g03840
6	691114	692301	TSS	ostta06g04060,ostta06g04050
6	691128	692301	TSS	ostta06g04060,ostta06g04050
6	696782	697238	TSS	ostta06g04100,ostta06g04090
6	715573	715955	TSS	ostta06g04220
6	718279	718813	TSS	ostta06g04240
6	718279	718886	TSS	ostta06g04240
6	736070	736771	TSS	ostta06g04310
6	736125	736771	TSS	ostta06g04310
6	745720	745848	internal.gene.body	ostta06g04360
6	745693	745848	internal.gene.body	ostta06g04360
6	758267	758489	internal.gene.body	ostta06g04440
6	791871	792153	TSS	ostta06g04610
6	791899	792323	TSS	ostta06g04620,ostta06g04610
7	10173	11279	TSS	ostta07g00050
7	9862	11077	TSS	ostta07g00050,ostta07g00040
7	34782	35740	TSS	ostta07g00170
7	34762	35737	TSS	ostta07g00170
7	40659	41086	intergenic	
7	40644	41084	intergenic	
7	57938	58299	TSS	ostta07g00335,ostta07g00330
7	81614	82044	TSS	ostta07g00440
7	81840	82252	TSS	ostta07g00450,ostta07g00440
7	84320	85850	gene.body	ostta07g00470
7	84317	85837	gene.body	ostta07g00470
7	86900	87428	TSS	ostta07g00490
7	86914	87508	TSS	ostta07g00490
7	95584	96365	TSS	ostta07g00570
7	95614	96365	TSS	ostta07g00570
7	111045	111849	TSS	ostta07g00710,ostta07g00700
7	111036	111937	TSS	ostta07g00710,ostta07g00700
7	118959	119890	TSS	ostta07g00780,ostta07g00770
7	118944	120001	TSS	ostta07g00780,ostta07g00770
7	120962	121213	TSS	ostta07g00790
7	125072	126147	TSS	ostta07g00830,ostta07g00820
7	125177	126147	TSS	ostta07g00830,ostta07g00820
7	129074	129318	internal.gene.body	ostta07g00860
7	133910	134723	TSS	ostta07g00910
7	133910	134634	TSS	ostta07g00910
7	138369	138704	internal.gene.body	ostta07g00940
7	141010	141342	TSS	ostta07g00970,ostta07g00960
7	141979	142801	TSS	ostta07g00980
7	141972	142812	TSS	ostta07g00980
7	143957	144425	TSS	ostta07g01000,ostta07g00990
7	143957	144425	TSS	ostta07g01000,ostta07g00990
7	169641	170680	TSS	ostta07g01200
7	169785	170691	TSS	ostta07g01200
7	180764	180977	internal.gene.body	ostta07g01260
7	180764	180988	internal.gene.body	ostta07g01260
7	183360	183910	TSS	ostta07g01285
7	183354	183877	TSS	ostta07g01285
7	192097	192674	TSS	ostta07g01350
7	192098	192685	TSS	ostta07g01350
7	198428	198934	TSS	ostta07g01390
7	198715	199187	TSS	ostta07g01400,ostta07g01390
7	211051	211627	TSS	ostta07g01480
7	210993	211633	TSS	ostta07g01480
7	217568	217901	TSS	ostta07g01530
7	217555	217917	TSS	ostta07g01530
7	232558	232840	internal.gene.body	ostta07g01600
7	269474	269521	internal.gene.body	ostta07g01750
7	270341	271016	TSS	ostta07g01760
7	270341	271470	TSS	ostta07g01770,ostta07g01760
7	287960	288507	TSS	ostta07g01870
7	287979	288498	TSS	ostta07g01870
7	293327	294486	TSS	ostta07g01900,ostta07g01895
7	293364	294369	TSS	ostta07g01900,ostta07g01895
7	303254	303492	intergenic	
7	305095	305887	TSS	ostta07g01950
7	305100	305896	TSS	ostta07g01950
7	325906	326095	internal.gene.body	ostta07g02050
7	336283	337475	TSS	ostta07g02130,ostta07g02120
7	336297	337437	TSS	ostta07g02130,ostta07g02120
7	341645	341815	internal.gene.body	ostta07g02170
7	342682	343505	TSS	ostta07g02180
7	342680	343498	TSS	ostta07g02180
7	371914	372717	TSS	ostta07g02310
7	371906	372701	TSS	ostta07g02310
7	396633	397000	internal.gene.body	ostta07g02490
7	396622	396872	internal.gene.body	ostta07g02490
7	397789	398586	TSS	ostta07g02500
7	397800	398551	TSS	ostta07g02500
7	404090	404582	TSS	ostta07g02530
7	404084	404580	TSS	ostta07g02530
7	431029	431197	TSS	ostta07g02680
7	434560	435314	TSS	ostta07g02725,ostta07g02720
7	434408	435293	TSS	ostta07g02725,ostta07g02720
7	459597	459937	TSS	ostta07g02850
7	459589	459859	TSS	ostta07g02850
7	473891	474572	gene.body	ostta07g02940
7	474051	474586	gene.body	ostta07g02940
7	484922	485042	internal.gene.body	ostta07g03010
7	495365	496101	TSS	ostta07g03070
7	495446	496099	TSS	ostta07g03070
7	518410	518708	intergenic	
7	518400	518707	intergenic	
7	522082	522456	TSS	ostta07g03260
7	522073	522454	TSS	ostta07g03260
7	538039	539122	TSS	ostta07g03400,ostta07g03380
7	537974	539021	TSS	ostta07g03400,ostta07g03380
7	540946	541668	TSS	ostta07g03410
7	540934	541663	TSS	ostta07g03410
7	566760	567000	internal.gene.body	ostta07g03520
7	577183	577427	internal.gene.body	ostta07g03560
7	599876	601449	gene.body	ostta07g03650
7	599884	600206	intergenic	
7	600502	601317	gene.body	ostta07g03650
7	607333	607569	internal.gene.body	ostta07g03690
7	617713	618618	TSS	ostta07g03790
7	617504	618666	TSS	ostta07g03790
7	622880	623653	TSS	ostta07g03820
7	622965	623642	TSS	ostta07g03820
7	628099	628651	TSS	ostta07g03850
7	628099	628674	TSS	ostta07g03850
7	641588	641850	TSS	ostta07g03950
7	666395	666937	TSS	ostta07g04090
7	666395	666956	TSS	ostta07g04090
7	668615	669016	internal.gene.body	ostta07g04100
7	668598	669040	internal.gene.body	ostta07g04100
7	679917	680721	gene.body	ostta07g04180
7	679901	680732	gene.body	ostta07g04180
7	706059	706666	TSS	ostta07g04340
7	706318	706662	TSS	ostta07g04340
7	710194	710907	TSS	ostta07g04370
7	710203	710900	TSS	ostta07g04370
7	715489	716379	TSS	ostta07g04410,ostta07g04400
7	715692	716387	TSS	ostta07g04410
7	726150	726788	TSS	ostta07g04450
7	725586	725864	internal.gene.body	ostta07g04440
7	726155	726800	TSS	ostta07g04450
7	736698	737571	TSS	ostta07g04540,ostta07g04530
7	736698	737555	TSS	ostta07g04540,ostta07g04530
7	746671	746884	internal.gene.body	ostta07g04600
7	746139	746251	internal.gene.body	ostta07g04590
7	749157	750936	TSS	ostta07g04620,ostta07g04610
7	749174	750942	TSS	ostta07g04620,ostta07g04610
7	753735	754997	TSS	ostta07g04640,ostta07g04630
7	753740	754910	TSS	ostta07g04640,ostta07g04630
7	755779	756002	internal.gene.body	ostta07g04650
8	32378	32885	intergenic	
8	32385	32894	intergenic	
8	35621	36305	TSS	ostta08g00200
8	35622	36309	TSS	ostta08g00200
8	43887	44101	internal.gene.body	ostta08g00250
8	43800	44215	internal.gene.body	ostta08g00250
8	46514	47318	gene.body	ostta08g00290
8	46411	47318	gene.body	ostta08g00290
8	48342	49702	TSS	ostta08g00310,ostta08g00300
8	48321	49671	TSS	ostta08g00310,ostta08g00300
8	50911	52059	TSS	ostta08g00330,ostta08g00320
8	50882	51965	TSS	ostta08g00330,ostta08g00320
8	87178	87402	internal.gene.body	ostta08g00530
8	90622	92041	gene.body	ostta08g00570
8	90637	91999	TSS	ostta08g00570,ostta08g00560
8	94970	95168	internal.gene.body	ostta08g00620
8	94962	95168	internal.gene.body	ostta08g00620
8	102815	103026	internal.gene.body	ostta08g00680
8	115263	115457	TSS	ostta08g00740,ostta08g00730
8	121991	122181	internal.gene.body	ostta08g00780
8	135020	135352	internal.gene.body	ostta08g00820
8	140007	140456	TSS	ostta08g00840
8	140000	140465	TSS	ostta08g00840
8	146687	147712	gene.body	ostta08g00865
8	146701	147706	gene.body	ostta08g00865
8	160148	160394	internal.gene.body	ostta08g00930
8	160151	160369	internal.gene.body	ostta08g00930
8	187895	188278	TSS	ostta08g01120
8	187940	188431	TSS	ostta08g01120
8	190061	191153	TSS	ostta08g01140,ostta08g01130
8	190058	191113	TSS	ostta08g01140,ostta08g01130
8	206485	207118	TSS	ostta08g01240
8	206485	207130	TSS	ostta08g01240
8	246037	246658	gene.body	ostta08g01395
8	246025	246681	gene.body	ostta08g01395
8	254089	254890	TSS	ostta08g01420
8	254198	254877	TSS	ostta08g01420
8	267415	267956	TSS	ostta08g01520
8	267412	267949	TSS	ostta08g01520
8	297768	298826	TSS	ostta08g01710
8	297717	298766	TSS	ostta08g01710
8	302213	303040	TSS	ostta08g01730
8	302206	303038	TSS	ostta08g01730
8	305615	306063	intergenic	
8	305624	306063	intergenic	
8	309937	310639	TSS	ostta08g01750
8	309946	310616	TSS	ostta08g01750
8	322150	322507	TSS	ostta08g01840
8	322142	322507	TSS	ostta08g01840
8	327150	327959	TSS	ostta08g01870,ostta08g01860
8	327145	327956	TSS	ostta08g01870,ostta08g01860
8	329073	329629	TSS	ostta08g01880
8	329084	329641	TSS	ostta08g01880
8	331590	332343	TSS	ostta08g01890
8	331559	332338	TSS	ostta08g01890
8	336656	336958	internal.gene.body	ostta08g01910
8	336727	336977	internal.gene.body	ostta08g01910
8	341705	342774	TSS	ostta08g01950,ostta08g01940
8	341668	342787	TSS	ostta08g01950,ostta08g01940
8	393089	393535	gene.body	ostta08g02280
8	393125	393535	gene.body	ostta08g02280
8	399524	402758	TSS	ostta08g02330
8	399525	402644	TSS	ostta08g02330
8	404227	406764	gene.body	ostta08g02350
8	404247	406759	gene.body	ostta08g02350
8	438858	439537	TSS	ostta08g02550
8	438877	439529	TSS	ostta08g02550
8	473988	474188	internal.gene.body	ostta08g02770
8	482395	482702	internal.gene.body	ostta08g02830
8	482383	482702	internal.gene.body	ostta08g02830
8	490868	491504	TSS	ostta08g02900
8	490869	491504	TSS	ostta08g02900
8	502232	502487	intergenic	
8	502286	502487	intergenic	
8	528228	528767	TSS	ostta08g03100
8	528235	528806	TSS	ostta08g03100
8	536173	536370	intergenic	
8	540534	541329	TSS	ostta08g03180
8	540525	541336	TSS	ostta08g03180
8	549596	550412	TSS	ostta08g03240
8	549600	550412	TSS	ostta08g03240
8	569630	570307	TSS	ostta08g03360,ostta08g03350
8	569839	570310	TSS	ostta08g03360,ostta08g03350
8	585114	585867	TSS	ostta08g03460
8	585088	585867	TSS	ostta08g03460
8	591545	591795	internal.gene.body	ostta08g03490
8	609116	610678	TSS	ostta08g03615,ostta08g03610
8	609127	610722	TSS	ostta08g03615,ostta08g03610
8	612840	613664	TSS	ostta08g03640,ostta08g03630
8	612835	613665	TSS	ostta08g03640,ostta08g03630
8	616937	617341	TSS	ostta08g03660
8	616929	617332	TSS	ostta08g03660
8	626949	628112	TSS	ostta08g03730,ostta08g03720
8	626881	628121	TSS	ostta08g03730,ostta08g03720
8	641500	642309	TSS	ostta08g03830,ostta08g03820
8	641483	642355	TSS	ostta08g03830,ostta08g03820
8	660168	661168	TSS	ostta08g03950
8	660137	661150	intergenic	
8	665682	665898	internal.gene.body	ostta08g03980
8	665702	665908	internal.gene.body	ostta08g03980
8	691783	692515	TSS	ostta08g04150
8	691788	692529	TSS	ostta08g04150
9	440	648	internal.gene.body	ostta09g00010
9	432	674	internal.gene.body	ostta09g00010
9	8896	9365	TSS	ostta09g00050
9	8953	9360	TSS	ostta09g00050
9	36158	37221	TSS	ostta09g00270,ostta09g00260
9	36144	37237	TSS	ostta09g00270,ostta09g00260
9	41252	41753	TSS	ostta09g00310
9	41220	42028	TSS	ostta09g00310
9	50995	51435	TSS	ostta09g00380
9	51005	51440	TSS	ostta09g00380
9	64523	65304	TSS	ostta09g00450
9	64617	65304	TSS	ostta09g00450
9	68847	69787	TSS	ostta09g00490,ostta09g00480
9	68990	69787	TSS	ostta09g00490,ostta09g00480
9	72071	73160	gene.body	ostta09g00510
9	72071	73187	gene.body	ostta09g00510
9	75175	76415	TSS	ostta09g00550
9	75192	76408	TSS	ostta09g00550
9	77970	78840	TSS	ostta09g00560
9	77858	78790	TSS	ostta09g00560
9	79636	81039	TSS	ostta09g00580,ostta09g00570
9	79607	81039	TSS	ostta09g00580,ostta09g00570
9	92543	93197	TSS	ostta09g00650
9	92548	93219	TSS	ostta09g00650
9	97685	97889	TSS	ostta09g00670
9	98553	99854	TSS	ostta09g00690,ostta09g00680
9	98553	99844	TSS	ostta09g00690,ostta09g00680
9	103942	105081	TSS	ostta09g00730,ostta09g00720
9	103948	105074	TSS	ostta09g00730,ostta09g00720
9	121240	121889	TSS	ostta09g00810
9	121240	121886	TSS	ostta09g00810
9	124020	124360	TSS	ostta09g00830
9	124028	124359	TSS	ostta09g00830
9	137307	137725	gene.body	ostta09g00950
9	137307	137730	gene.body	ostta09g00950
9	147721	148223	TSS	ostta09g01010
9	147729	148221	TSS	ostta09g01010
9	149451	149944	TSS	ostta09g01040
9	149445	149957	TSS	ostta09g01040
9	163172	163872	TSS	ostta09g01120
9	163194	163855	TSS	ostta09g01120
9	166075	167360	TSS	ostta09g01140,ostta09g01130
9	166061	167380	TSS	ostta09g01140,ostta09g01130
9	168879	169502	TSS	ostta09g01150
9	168880	169472	TSS	ostta09g01150
9	207018	207362	internal.gene.body	ostta09g01360
9	207026	207362	internal.gene.body	ostta09g01360
9	223585	224564	TSS	ostta09g01520,ostta09g01510
9	223655	224818	TSS	ostta09g01520,ostta09g01510
9	272565	272765	internal.gene.body	ostta09g01820
9	289444	290288	TSS	ostta09g01920,ostta09g01910
9	289444	290459	TSS	ostta09g01920,ostta09g01910
9	319278	319508	internal.gene.body	ostta09g02110
9	351677	351916	TSS	ostta09g02270
9	351681	352060	TSS	ostta09g02270
9	365100	366055	TSS	ostta09g02340,ostta09g02330
9	365093	366062	TSS	ostta09g02340,ostta09g02330
9	372005	372338	TSS	ostta09g02370
9	381764	381966	internal.gene.body	ostta09g02440
9	381764	381966	internal.gene.body	ostta09g02440
9	396487	397266	TSS	ostta09g02550
9	396517	397260	TSS	ostta09g02550
9	404805	405295	TSS	ostta09g02610
9	404810	405287	TSS	ostta09g02610
9	440162	440951	TSS	ostta09g02850
9	440175	440956	TSS	ostta09g02850
9	463988	464504	TSS	ostta09g03030
9	463985	464508	TSS	ostta09g03030
9	483176	483402	internal.gene.body	ostta09g03140
9	483164	483420	internal.gene.body	ostta09g03140
9	483801	484651	TSS	ostta09g03150
9	483805	484582	TSS	ostta09g03150
9	488815	489835	TSS	ostta09g03180
9	488812	489827	TSS	ostta09g03180
9	503410	503652	internal.gene.body	ostta09g03280
9	503367	503657	TSS	ostta09g03280
9	506362	507271	TSS	ostta09g03320,ostta09g03310
9	506354	507306	TSS	ostta09g03320,ostta09g03310
9	515536	516469	intergenic	
9	515541	516469	intergenic	
9	522670	523271	TSS	ostta09g03420
9	522697	523275	TSS	ostta09g03420
9	565880	566085	internal.gene.body	ostta09g03650
9	579570	579991	TSS	ostta09g03730
9	583039	583928	TSS	ostta09g03765,ostta09g03760
9	583379	583956	TSS	ostta09g03765,ostta09g03760
9	595863	596679	TSS	ostta09g03830,ostta09g03820
9	595863	596656	TSS	ostta09g03830,ostta09g03820
9	620145	620495	TSS	ostta09g03930,ostta09g03920
9	619908	620356	TSS	ostta09g03920
9	623445	623768	internal.gene.body	ostta09g03950
9	632510	633307	TSS	ostta09g04010
9	632513	633347	TSS	ostta09g04010
9	644821	645047	TSS	ostta09g04120,ostta09g04110
9	650279	650617	TSS	ostta09g04140
9	650330	650609	TSS	ostta09g04140
9	652449	652804	internal.gene.body	ostta09g04160
9	656354	657022	TSS	ostta09g04185
9	656358	657022	TSS	ostta09g04185
9	665728	666549	TSS	ostta09g04220
9	665695	666560	TSS	ostta09g04220
9	667715	668420	TSS	ostta09g04240,ostta09g04230
9	667716	668424	TSS	ostta09g04240,ostta09g04230
9	683342	684565	TSS	ostta09g04350,ostta09g04340
9	683342	684501	TSS	ostta09g04350,ostta09g04340
9	705367	705585	internal.gene.body	ostta09g04490
