chr	start	end	peak.annotation	target.genes	peak.te
1	177	1228	TES	ostta01g00010	No_transposon
1	178	1228	TES	ostta01g00010	No_transposon
1	38779	41436	gene.body	ostta01g00260	No_transposon
1	38779	41436	gene.body	ostta01g00260	No_transposon
1	180449	180706	intergenic		Unclassified_transposon
1	180449	180775	intergenic		Unclassified_transposon
1	188414	190571	internal.gene.body	ostta01g01270	No_transposon
1	188414	190571	internal.gene.body	ostta01g01270	No_transposon
1	202015	207189	gene.body	ostta01g01340	No_transposon
1	202015	207192	gene.body	ostta01g01340	No_transposon
1	208841	213379	gene.body	ostta01g01370	No_transposon
1	208912	213379	gene.body	ostta01g01370	No_transposon
1	251567	253291	TSS	ostta01g01610	Unclassified_transposon
1	251567	253291	TSS	ostta01g01610	Unclassified_transposon
1	314218	315681	TES	ostta01g02010	No_transposon
1	314218	315681	TES	ostta01g02010	No_transposon
1	431704	433241	internal.gene.body	ostta01g02760	No_transposon
1	431704	433241	internal.gene.body	ostta01g02760	No_transposon
1	622461	625360	gene.body	ostta01g03930	No_transposon
1	622461	625250	gene.body	ostta01g03930	No_transposon
1	633803	634257	internal.gene.body	ostta01g03980	No_transposon
1	633803	634257	internal.gene.body	ostta01g03980	No_transposon
1	645676	646022	internal.gene.body	ostta01g04080	No_transposon
1	645676	646022	internal.gene.body	ostta01g04080	No_transposon
1	650245	650898	internal.gene.body	ostta01g04100	No_transposon
1	650245	650898	internal.gene.body	ostta01g04100	No_transposon
1	656345	657470	internal.gene.body	ostta01g04120	No_transposon
1	656345	657470	internal.gene.body	ostta01g04120	No_transposon
1	658114	658469	internal.gene.body	ostta01g04120	No_transposon
1	658114	658432	internal.gene.body	ostta01g04120	No_transposon
1	688945	691949	gene.body	ostta01g04260	No_transposon
1	688945	691949	gene.body	ostta01g04260	No_transposon
1	755745	759722	gene.body	ostta01g04640,ostta01g04650	No_transposon
1	755745	759722	gene.body	ostta01g04640,ostta01g04650	No_transposon
1	761728	762294	internal.gene.body	ostta01g04660	No_transposon
1	761728	762264	internal.gene.body	ostta01g04660	No_transposon
1	791925	794404	TSS	ostta01g04910	No_transposon
1	791925	794404	TSS	ostta01g04910	No_transposon
1	981238	986034	gene.body	ostta01g06030,ostta01g06040	No_transposon
1	981238	986043	gene.body	ostta01g06030,ostta01g06040	No_transposon
1	1003030	1004719	TES	ostta01g06130	No_transposon
1	1003030	1004719	TES	ostta01g06130	No_transposon
1	1040758	1041820	internal.gene.body	ostta01g06360	No_transposon
1	1040758	1041820	internal.gene.body	ostta01g06360	No_transposon
1	1093490	1095866	TES	ostta01g06680	Unclassified_transposon
1	1093490	1095892	TES	ostta01g06680	Unclassified_transposon
10	294	5476	internal.gene.body	ostta10g00010	No_transposon
10	293	5559	internal.gene.body	ostta10g00010	No_transposon
10	18609	22512	TES	ostta10g00080	No_transposon
10	18609	22512	TES	ostta10g00080	No_transposon
10	28263	30494	TSS	ostta10g00130	No_transposon
10	28336	30494	TSS	ostta10g00130	No_transposon
10	40807	42149	TES	ostta10g00170	No_transposon
10	40807	42149	TES	ostta10g00170	No_transposon
10	97566	97855	internal.gene.body	ostta10g00540	No_transposon
10	97570	97852	internal.gene.body	ostta10g00540	No_transposon
10	150194	151296	internal.gene.body	ostta10g00920	No_transposon
10	150194	151296	internal.gene.body	ostta10g00920	No_transposon
10	170384	172113	gene.body	ostta10g01040	No_transposon
10	170374	172113	gene.body	ostta10g01040	No_transposon
10	234582	235909	TSS	ostta10g01450	No_transposon
10	234571	235909	TSS	ostta10g01450	No_transposon
10	247184	248655	TES	ostta10g01540	No_transposon
10	247184	248655	TES	ostta10g01540	No_transposon
10	339222	342330	internal.gene.body	ostta10g02060	No_transposon
10	339222	342330	internal.gene.body	ostta10g02060	No_transposon
10	461521	462438	TES	ostta10g02790	No_transposon
10	461521	462438	TES	ostta10g02790	No_transposon
10	526102	528127	internal.gene.body	ostta10g03200	No_transposon
10	525930	528127	TES	ostta10g03190	No_transposon
10	538941	540700	TES	ostta10g03280	No_transposon
10	538941	540700	TES	ostta10g03280	No_transposon
10	543803	545647	gene.body	ostta10g03320	No_transposon
10	543803	545673	gene.body	ostta10g03320	No_transposon
10	588707	591099	gene.body	ostta10g03570	Unclassified_transposon
10	588707	591105	gene.body	ostta10g03570	Unclassified_transposon
11	152	1461	TES	ostta11g00010	Unclassified_transposon
11	137	1461	TES	ostta11g00010	Unclassified_transposon
11	18456	19199	internal.gene.body	ostta11g00120	No_transposon
11	18456	19199	internal.gene.body	ostta11g00120	No_transposon
11	20444	23096	TES	ostta11g00130	No_transposon
11	20423	23096	TES	ostta11g00130	No_transposon
11	26611	28292	internal.gene.body	ostta11g00160	No_transposon
11	26611	28292	internal.gene.body	ostta11g00160	No_transposon
11	181233	181458	internal.gene.body	ostta11g00940	No_transposon
11	181233	181458	internal.gene.body	ostta11g00940	No_transposon
11	219762	221615	TES	ostta11g01150	No_transposon
11	219762	221621	TES	ostta11g01150	No_transposon
11	305264	308139	TES	ostta11g01600	No_transposon
11	305264	308139	TES	ostta11g01600	No_transposon
11	309322	311579	TES	ostta11g01620	No_transposon
11	309322	311579	TES	ostta11g01620	No_transposon
11	318150	319254	TES	ostta11g01680	No_transposon
11	318150	319254	TES	ostta11g01680	No_transposon
11	326193	327310	TSS	ostta11g01720	No_transposon
11	326193	327310	TSS	ostta11g01720	No_transposon
11	330339	331971	internal.gene.body	ostta11g01760	No_transposon
11	330339	331971	internal.gene.body	ostta11g01760	No_transposon
11	333342	333740	internal.gene.body	ostta11g01770	No_transposon
11	333342	333740	internal.gene.body	ostta11g01770	No_transposon
11	334806	339622	gene.body	ostta11g01790	No_transposon
11	334800	339632	gene.body	ostta11g01790	No_transposon
11	348714	351499	internal.gene.body	ostta11g01840	No_transposon
11	348714	351499	internal.gene.body	ostta11g01840	No_transposon
11	376757	377186	internal.gene.body	ostta11g01990	No_transposon
11	376757	377186	internal.gene.body	ostta11g01990	No_transposon
11	377521	377976	TSS	ostta11g02000	No_transposon
11	377521	377976	TSS	ostta11g02000	No_transposon
11	415013	415315	internal.gene.body	ostta11g02240	No_transposon
11	415013	415315	internal.gene.body	ostta11g02240	No_transposon
11	415687	416085	internal.gene.body	ostta11g02250	No_transposon
11	415687	416085	internal.gene.body	ostta11g02250	No_transposon
11	419626	419972	internal.gene.body	ostta11g02280	No_transposon
11	419626	419972	internal.gene.body	ostta11g02280	No_transposon
11	441197	443177	gene.body	ostta11g02420	No_transposon
11	441197	443177	gene.body	ostta11g02420	No_transposon
11	453309	455167	gene.body	ostta11g02490	No_transposon
11	453309	455179	gene.body	ostta11g02490	No_transposon
11	467993	468581	internal.gene.body	ostta11g02575	No_transposon
11	467993	468626	internal.gene.body	ostta11g02575	No_transposon
11	469185	469754	internal.gene.body	ostta11g02575	No_transposon
11	469185	469754	internal.gene.body	ostta11g02575	No_transposon
11	488259	490613	TSS	ostta11g02720	No_transposon
11	488259	490613	TSS	ostta11g02720	No_transposon
11	545810	546145	internal.gene.body	ostta11g03050	No_transposon
11	545810	546145	internal.gene.body	ostta11g03050	No_transposon
11	590795	590989	internal.gene.body	ostta11g03300	No_transposon
11	590795	591009	internal.gene.body	ostta11g03300	No_transposon
11	591381	595599	TES	ostta11g03300	Unclassified_transposon
11	591381	595607	TES	ostta11g03300	Unclassified_transposon
12	192	1381	TES	ostta12g00010	Unclassified_transposon
12	187	1269	TES	ostta12g00010	Unclassified_transposon
12	32996	33373	internal.gene.body	ostta12g00210	No_transposon
12	32993	33370	internal.gene.body	ostta12g00210	No_transposon
12	80967	81303	internal.gene.body	ostta12g00530	No_transposon
12	80967	81137	internal.gene.body	ostta12g00530	No_transposon
12	164384	165315	internal.gene.body	ostta12g01020	No_transposon
12	164384	165315	internal.gene.body	ostta12g01020	No_transposon
12	191786	194695	TSS	ostta12g01210	No_transposon
12	191786	194691	TSS	ostta12g01210	No_transposon
12	206906	210114	internal.gene.body	ostta12g01270	No_transposon
12	206906	210114	internal.gene.body	ostta12g01270	No_transposon
12	271379	274593	TSS	ostta12g01720	No_transposon
12	271379	274593	TSS	ostta12g01720	No_transposon
12	291240	292220	intergenic		DNA_transposon
12	291171	292220	intergenic		DNA_transposon
12	314343	325421	TES	ostta12g01960	No_transposon
12	314343	325421	TES	ostta12g01960	No_transposon
12	326047	332731	internal.gene.body	ostta12g01965	No_transposon
12	326047	332731	internal.gene.body	ostta12g01965	No_transposon
12	333103	333395	internal.gene.body	ostta12g01965	No_transposon
12	333103	333395	internal.gene.body	ostta12g01965	No_transposon
12	355451	355675	internal.gene.body	ostta12g02110	No_transposon
12	355451	355675	internal.gene.body	ostta12g02110	No_transposon
12	393517	394007	internal.gene.body	ostta12g02360	No_transposon
12	393517	394007	internal.gene.body	ostta12g02360	No_transposon
12	394311	398688	gene.body	ostta12g02370	No_transposon
12	394311	398698	gene.body	ostta12g02370	No_transposon
12	429153	430913	gene.body	ostta12g02560	Unclassified_transposon
12	429141	430913	gene.body	ostta12g02560	Unclassified_transposon
12	505367	506727	TES	ostta12g03010	No_transposon
12	505367	506727	TES	ostta12g03010	No_transposon
12	515286	515507	internal.gene.body	ostta12g03070	No_transposon
12	515286	515507	internal.gene.body	ostta12g03070	No_transposon
12	537161	537674	TES	ostta12g03190	No_transposon
12	537161	537674	TES	ostta12g03190	No_transposon
12	540132	542477	TES	ostta12g03200	Unclassified_transposon
12	540167	542488	TES	ostta12g03200	Unclassified_transposon
13	177	1385	gene.body	ostta13g00010	Unclassified_transposon
13	179	1385	gene.body	ostta13g00010	Unclassified_transposon
13	18626	18838	internal.gene.body	ostta13g00120	No_transposon
13	18626	18838	internal.gene.body	ostta13g00120	No_transposon
13	19258	19686	internal.gene.body	ostta13g00120	No_transposon
13	19258	19686	internal.gene.body	ostta13g00120	No_transposon
13	119980	121088	gene.body	ostta13g00710	No_transposon
13	119974	121088	gene.body	ostta13g00710	No_transposon
13	190747	192833	TSS	ostta13g01130	No_transposon
13	190747	192851	TSS	ostta13g01130	No_transposon
13	214780	215380	intergenic		DNA_transposon
13	214532	215408	intergenic		DNA_transposon
13	227023	233702	TES	ostta13g01340	No_transposon
13	227023	233702	TES	ostta13g01340	No_transposon
13	301906	302145	intergenic		No_transposon
13	301919	302145	intergenic		No_transposon
13	302435	308877	gene.body	ostta13g01770	No_transposon
13	302435	308877	gene.body	ostta13g01770	No_transposon
13	479793	480066	internal.gene.body	ostta13g02720	No_transposon
13	479793	480066	internal.gene.body	ostta13g02720	No_transposon
13	480505	482664	TES	ostta13g02730	No_transposon
13	480505	482664	TES	ostta13g02730	No_transposon
13	547374	548380	internal.gene.body	ostta13g03080	No_transposon
13	547379	548380	internal.gene.body	ostta13g03080	No_transposon
14	128	729	intergenic		Unclassified_transposon
14	111	729	intergenic		Unclassified_transposon
14	1924	2141	internal.gene.body	ostta14g00020	No_transposon
14	1924	2141	internal.gene.body	ostta14g00020	No_transposon
14	9694	25560	gene.body	ostta14g00066,ostta14g00070,ostta14g00075	No_transposon
14	9694	25595	gene.body	ostta14g00066,ostta14g00070,ostta14g00075	No_transposon
14	63006	63913	TES	ostta14g00300	No_transposon
14	63006	63913	TES	ostta14g00300	No_transposon
14	180651	180943	internal.gene.body	ostta14g01050	No_transposon
14	180651	180943	internal.gene.body	ostta14g01050	No_transposon
14	239652	240375	internal.gene.body	ostta14g01380	No_transposon
14	239653	240375	internal.gene.body	ostta14g01380	No_transposon
14	248213	249053	internal.gene.body	ostta14g01410	No_transposon
14	248227	249053	internal.gene.body	ostta14g01410	No_transposon
14	278361	281323	gene.body	ostta14g01530	No_transposon
14	278361	281323	gene.body	ostta14g01530	No_transposon
14	318367	318575	TES	ostta14g01740	No_transposon
14	318367	318575	TES	ostta14g01740	No_transposon
14	318916	319122	internal.gene.body	ostta14g01740	No_transposon
14	318916	319122	internal.gene.body	ostta14g01740	No_transposon
14	322143	323475	TES	ostta14g01750	No_transposon
14	322143	323475	TES	ostta14g01750	No_transposon
14	326103	329738	gene.body	ostta14g01790	No_transposon
14	326103	329757	gene.body	ostta14g01790	No_transposon
14	349425	350993	TSS	ostta14g01910	No_transposon
14	349400	350993	TSS	ostta14g01910	No_transposon
14	377306	378867	gene.body	ostta14g02090	No_transposon
14	377295	378867	gene.body	ostta14g02090	No_transposon
14	395149	395533	internal.gene.body	ostta14g02190	Unclassified_transposon
14	395149	395533	internal.gene.body	ostta14g02190	Unclassified_transposon
14	399573	401966	TES	ostta14g02200	No_transposon
14	399573	401966	TES	ostta14g02200	No_transposon
14	444066	444476	internal.gene.body	ostta14g02490	No_transposon
14	444066	444476	internal.gene.body	ostta14g02490	No_transposon
14	459717	462502	internal.gene.body	ostta14g02600	No_transposon
14	459717	462502	internal.gene.body	ostta14g02600	No_transposon
14	492907	496520	TSS	ostta14g02780	No_transposon
14	492907	496520	TSS	ostta14g02780	No_transposon
14	531993	534734	gene.body	ostta14g03000	Unclassified_transposon
14	531981	534734	gene.body	ostta14g02990,ostta14g03000	Unclassified_transposon
15	46	766	TSS	ostta15g00010	No_transposon
15	46	766	TSS	ostta15g00010	No_transposon
15	33425	33622	internal.gene.body	ostta15g00195	No_transposon
15	33432	33633	internal.gene.body	ostta15g00195	No_transposon
15	66774	67143	TES	ostta15g00380	No_transposon
15	66774	67143	TES	ostta15g00380	No_transposon
15	146216	146652	internal.gene.body	ostta15g00810	No_transposon
15	146216	146652	internal.gene.body	ostta15g00810	No_transposon
15	186122	187973	internal.gene.body	ostta15g01070	No_transposon
15	186122	187973	internal.gene.body	ostta15g01070	No_transposon
15	222887	224973	gene.body	ostta15g01270	Unclassified_transposon
15	222887	224982	gene.body	ostta15g01270	Unclassified_transposon
15	245318	245566	TSS	ostta15g01430	No_transposon
15	245318	245566	TSS	ostta15g01430	No_transposon
15	263095	263495	internal.gene.body	ostta15g01520	No_transposon
15	263238	263495	internal.gene.body	ostta15g01520	No_transposon
15	266723	275306	internal.gene.body	ostta15g01520	No_transposon
15	266723	275306	internal.gene.body	ostta15g01520	No_transposon
15	299221	303336	gene.body	ostta15g01710	No_transposon
15	299221	303338	gene.body	ostta15g01710	No_transposon
15	303768	304111	TES	ostta15g01720	No_transposon
15	303768	304111	TES	ostta15g01720	No_transposon
15	304916	305296	internal.gene.body	ostta15g01730	No_transposon
15	304916	305296	internal.gene.body	ostta15g01730	No_transposon
15	309273	309676	internal.gene.body	ostta15g01740	No_transposon
15	309273	309676	internal.gene.body	ostta15g01740	No_transposon
15	396790	397082	internal.gene.body	ostta15g02330	No_transposon
15	396790	397082	internal.gene.body	ostta15g02330	No_transposon
15	446446	446739	intergenic		No_transposon
15	446446	446739	intergenic		No_transposon
15	471276	472160	gene.body	ostta15g02720	No_transposon
15	471276	472181	gene.body	ostta15g02720	No_transposon
16	309	4048	TSS	ostta16g00010	No_transposon
16	318	4048	TSS	ostta16g00010	No_transposon
16	16101	16499	TSS	ostta16g00130	No_transposon
16	15958	16499	TSS	ostta16g00130	No_transposon
16	16858	17220	TES	ostta16g00130	No_transposon
16	16816	17220	TES	ostta16g00130	No_transposon
16	69037	69628	TES	ostta16g00460	No_transposon
16	69037	69628	TES	ostta16g00460	No_transposon
16	72337	72582	internal.gene.body	ostta16g00480	No_transposon
16	72337	72623	internal.gene.body	ostta16g00480	No_transposon
16	75439	76702	TSS	ostta16g00510	No_transposon
16	75439	76702	TSS	ostta16g00510	No_transposon
16	79360	80047	internal.gene.body	ostta16g00520	No_transposon
16	79360	80047	internal.gene.body	ostta16g00520	No_transposon
16	138785	139706	TSS	ostta16g00900	No_transposon
16	138785	139706	TSS	ostta16g00900	No_transposon
16	140086	140354	internal.gene.body	ostta16g00910	No_transposon
16	140086	140354	internal.gene.body	ostta16g00910	No_transposon
16	162547	164090	gene.body	ostta16g01050	No_transposon
16	162547	164090	gene.body	ostta16g01050	No_transposon
16	171017	172922	gene.body	ostta16g01100	No_transposon
16	171002	172922	gene.body	ostta16g01100	No_transposon
16	175064	175382	intergenic		No_transposon
16	175064	175382	intergenic		No_transposon
16	176849	177053	intergenic		LTR_transposon
16	177889	179501	TES	ostta16g01140	No_transposon
16	177887	179501	TES	ostta16g01140	No_transposon
16	188118	193116	gene.body	ostta16g01200,ostta16g01210	No_transposon
16	188122	193116	gene.body	ostta16g01200,ostta16g01210	No_transposon
16	207527	209507	TSS	ostta16g01295	No_transposon
16	207527	209507	TSS	ostta16g01295	No_transposon
16	224059	224329	intergenic		Unclassified_transposon
16	225603	226985	TES	ostta16g01360	Unclassified_transposon
16	225603	226985	TES	ostta16g01360	Unclassified_transposon
16	236071	239204	internal.gene.body	ostta16g01420	No_transposon
16	236071	239204	internal.gene.body	ostta16g01420	No_transposon
16	268409	268579	internal.gene.body	ostta16g01580	No_transposon
16	286313	288846	gene.body	ostta16g01635	No_transposon
16	286263	288846	gene.body	ostta16g01635	No_transposon
16	297999	298435	internal.gene.body	ostta16g01710	No_transposon
16	298302	298435	internal.gene.body	ostta16g01710	No_transposon
16	300516	300752	internal.gene.body	ostta16g01710	No_transposon
16	300516	300752	internal.gene.body	ostta16g01710	No_transposon
16	401306	401728	internal.gene.body	ostta16g02130	No_transposon
16	401306	401728	internal.gene.body	ostta16g02130	No_transposon
16	402032	406324	internal.gene.body	ostta16g02130	No_transposon
16	402032	406324	internal.gene.body	ostta16g02130	No_transposon
16	413729	416198	TSS	ostta16g02170	No_transposon
16	413729	416192	TSS	ostta16g02170	No_transposon
16	417778	419226	TSS	ostta16g02180	Unclassified_transposon
16	417759	419223	TSS	ostta16g02180	Unclassified_transposon
16	420104	420993	internal.gene.body	ostta16g02190	No_transposon
16	420104	420993	internal.gene.body	ostta16g02190	No_transposon
16	470485	472609	gene.body	ostta16g02460	No_transposon
16	470485	472609	gene.body	ostta16g02460	No_transposon
16	482182	484426	TES	ostta16g02510	No_transposon
16	482182	484433	TES	ostta16g02510	No_transposon
16	526044	528281	gene.body	ostta16g02730	Unclassified_transposon
16	525870	528281	gene.body	ostta16g02730	Unclassified_transposon
17	195	2214	TES	ostta17g00010	No_transposon
17	190	2214	TES	ostta17g00010	No_transposon
17	5960	6198	internal.gene.body	ostta17g00030	No_transposon
17	5960	6291	internal.gene.body	ostta17g00030	No_transposon
17	30134	37889	gene.body	ostta17g00190,ostta17g00200	Unclassified_transposon
17	30134	37889	gene.body	ostta17g00190,ostta17g00200	Unclassified_transposon
17	39715	40234	TSS	ostta17g00220	No_transposon
17	39715	40234	TSS	ostta17g00220	No_transposon
17	53037	54510	TSS	ostta17g00300	No_transposon
17	53037	54510	TSS	ostta17g00300	No_transposon
17	65909	66312	internal.gene.body	ostta17g00370	Unclassified_transposon
17	65909	66312	internal.gene.body	ostta17g00370	Unclassified_transposon
17	79090	79963	TES	ostta17g00450	No_transposon
17	79090	79963	TES	ostta17g00450	No_transposon
17	135326	136626	TSS	ostta17g00790	No_transposon
17	135326	136626	TSS	ostta17g00790	No_transposon
17	139168	140158	gene.body	ostta17g00800	No_transposon
17	139177	140142	gene.body	ostta17g00800	No_transposon
17	222983	223923	internal.gene.body	ostta17g01380	No_transposon
17	222983	223923	internal.gene.body	ostta17g01380	No_transposon
17	313151	313450	internal.gene.body	ostta17g01895	No_transposon
17	313151	313450	internal.gene.body	ostta17g01895	No_transposon
17	317127	317632	internal.gene.body	ostta17g01910	No_transposon
17	317127	317632	internal.gene.body	ostta17g01910	No_transposon
17	356477	357581	TES	ostta17g02090	No_transposon
17	356477	357581	TES	ostta17g02090	No_transposon
17	408864	410823	TES	ostta17g02410	Unclassified_transposon
17	408864	410853	TES	ostta17g02410	Unclassified_transposon
18	790	2856	gene.body	ostta18g00010	Unclassified_transposon
18	790	2856	gene.body	ostta18g00010	Unclassified_transposon
18	12390	13837	internal.gene.body	ostta18g00080	No_transposon
18	12390	13837	internal.gene.body	ostta18g00080	No_transposon
18	134971	135246	internal.gene.body	ostta18g00700	No_transposon
18	134957	135246	internal.gene.body	ostta18g00700	No_transposon
18	135777	135966	internal.gene.body	ostta18g00700	No_transposon
18	135777	135982	internal.gene.body	ostta18g00700	No_transposon
18	161242	162392	gene.body	ostta18g00870	No_transposon
18	161242	162392	gene.body	ostta18g00870	No_transposon
18	163536	167760	gene.body	ostta18g00890	No_transposon
18	163536	167760	gene.body	ostta18g00890	No_transposon
18	189626	192204	TES	ostta18g01030	No_transposon
18	189626	192294	gene.body	ostta18g01040	No_transposon
18	196767	197323	internal.gene.body	ostta18g01070	No_transposon
18	196752	197323	internal.gene.body	ostta18g01070	No_transposon
18	202251	203572	TES	ostta18g01100	No_transposon
18	202251	203572	TES	ostta18g01100	No_transposon
18	209354	211951	gene.body	ostta18g01140	No_transposon
18	209354	211951	gene.body	ostta18g01140	No_transposon
18	219192	221040	internal.gene.body	ostta18g01200	No_transposon
18	219192	221040	internal.gene.body	ostta18g01200	No_transposon
18	343931	345567	TES	ostta18g01980	No_transposon
18	343931	345563	TES	ostta18g01980	No_transposon
19	0	42803	gene.body	ostta19g00010,ostta19g00020,ostta19g00030,ostta19g00040,ostta19g00050,ostta19g00070,ostta19g00080,ostta19g00090,ostta19g00100,ostta19g00110,ostta19g00120,ostta19g00130,ostta19g00140,ostta19g00150,ostta19g00160,ostta19g00165	DNA_transposon
19	0	42809	gene.body	ostta19g00010,ostta19g00020,ostta19g00030,ostta19g00040,ostta19g00050,ostta19g00070,ostta19g00080,ostta19g00090,ostta19g00100,ostta19g00110,ostta19g00120,ostta19g00130,ostta19g00140,ostta19g00150,ostta19g00160,ostta19g00165	DNA_transposon
19	46514	48410	gene.body	ostta19g00190	No_transposon
19	46511	48411	gene.body	ostta19g00190	No_transposon
19	84398	84974	internal.gene.body	ostta19g00320	No_transposon
19	84398	84972	internal.gene.body	ostta19g00320	No_transposon
19	96784	97432	intergenic		No_transposon
19	96796	97479	intergenic		No_transposon
19	97950	98567	TSS	ostta19g00400	No_transposon
19	97950	98564	TSS	ostta19g00400	No_transposon
19	106300	106782	TSS	ostta19g00430	No_transposon
19	106307	107069	TSS	ostta19g00430	No_transposon
19	112707	112935	internal.gene.body	ostta19g00470	No_transposon
19	117800	118430	TES	ostta19g00480	No_transposon
19	117800	118430	TES	ostta19g00480	No_transposon
19	118830	119541	internal.gene.body	ostta19g00490	No_transposon
19	118827	119532	internal.gene.body	ostta19g00490	No_transposon
19	125059	127412	internal.gene.body	ostta19g00515	No_transposon
19	125045	127412	internal.gene.body	ostta19g00515	No_transposon
19	132008	132217	intergenic		Unclassified_transposon
19	132000	132222	intergenic		Unclassified_transposon
19	133320	185218	gene.body	ostta19g00045,ostta19g00075,ostta19g00555,ostta19g00560,ostta19g00570,ostta19g00580,ostta19g00590,ostta19g00600,ostta19g00610,ostta19g00620,ostta19g00630,ostta19g00640,ostta19g00650,ostta19g00660,ostta19g00670	DNA_transposon
19	133320	185217	gene.body	ostta19g00045,ostta19g00075,ostta19g00555,ostta19g00560,ostta19g00570,ostta19g00580,ostta19g00590,ostta19g00600,ostta19g00610,ostta19g00620,ostta19g00630,ostta19g00640,ostta19g00650,ostta19g00660,ostta19g00670	DNA_transposon
2	229	433	intergenic		No_transposon
2	2387	5120	gene.body	ostta02g00020	Unclassified_transposon
2	2387	5120	gene.body	ostta02g00020	Unclassified_transposon
2	7015	10261	gene.body	ostta02g00037	Unclassified_transposon
2	6991	10264	gene.body	ostta02g00037	Unclassified_transposon
2	13571	13802	intergenic		Unclassified_transposon
2	13566	13803	intergenic		Unclassified_transposon
2	14426	14962	internal.gene.body	ostta02g00050	No_transposon
2	14413	14962	internal.gene.body	ostta02g00050	No_transposon
2	19313	19563	internal.gene.body	ostta02g00085	No_transposon
2	19308	19568	internal.gene.body	ostta02g00085	No_transposon
2	29865	30212	intergenic		Unclassified_transposon
2	29864	30212	intergenic		Unclassified_transposon
2	32107	32347	internal.gene.body	ostta02g00160	Unclassified_transposon
2	36966	37211	internal.gene.body	ostta02g00160	No_transposon
2	36966	37220	internal.gene.body	ostta02g00160	No_transposon
2	41323	41401	internal.gene.body	ostta02g00160	No_transposon
2	41323	41565	internal.gene.body	ostta02g00160	No_transposon
2	42405	42789	internal.gene.body	ostta02g00160	Unclassified_transposon
2	42439	42789	internal.gene.body	ostta02g00160	Unclassified_transposon
2	71601	77179	gene.body	ostta02g00275,ostta02g00277	Unclassified_transposon
2	71605	77179	gene.body	ostta02g00275,ostta02g00277	Unclassified_transposon
2	112761	113249	TSS	ostta02g00450	No_transposon
2	112767	113229	TSS	ostta02g00450	No_transposon
2	158418	160934	internal.gene.body	ostta02g00700	No_transposon
2	158453	160934	internal.gene.body	ostta02g00700	No_transposon
2	161679	165840	internal.gene.body	ostta02g00710,ostta02g00720	Unclassified_transposon
2	161665	165840	internal.gene.body	ostta02g00710,ostta02g00720	Unclassified_transposon
2	166770	167963	internal.gene.body	ostta02g00710,ostta02g00720	Unclassified_transposon
2	166770	167963	internal.gene.body	ostta02g00710,ostta02g00720	Unclassified_transposon
2	171871	176753	TSS	ostta02g00710,ostta02g00720	Unclassified_transposon
2	171871	176753	TSS	ostta02g00710,ostta02g00720	Unclassified_transposon
2	182432	183718	internal.gene.body	ostta02g00770	No_transposon
2	182432	183718	internal.gene.body	ostta02g00770	No_transposon
2	193198	210705	internal.gene.body	ostta02g00800	Unclassified_transposon
2	193234	210705	internal.gene.body	ostta02g00800	Unclassified_transposon
2	220859	222584	internal.gene.body	ostta02g00800	No_transposon
2	220859	222601	internal.gene.body	ostta02g00800	No_transposon
2	237894	238913	TES	ostta02g00900	No_transposon
2	237823	238913	TES	ostta02g00900	No_transposon
2	304864	305894	internal.gene.body	ostta02g01245	DNA_transposon
2	304836	305895	internal.gene.body	ostta02g01245	DNA_transposon
2	308052	308470	internal.gene.body	ostta02g01247	DNA_transposon
2	307923	308464	internal.gene.body	ostta02g01247	DNA_transposon
2	351716	352156	internal.gene.body	ostta02g01560	No_transposon
2	351731	352173	internal.gene.body	ostta02g01560	No_transposon
2	355593	356260	intergenic		DNA_transposon
2	355577	356266	intergenic		DNA_transposon
2	387683	388676	intergenic		Unclassified_transposon
2	387674	388666	intergenic		Unclassified_transposon
2	402880	403185	internal.gene.body	ostta02g01900	No_transposon
2	402880	403185	internal.gene.body	ostta02g01900	No_transposon
2	515870	516064	intergenic		Unclassified_transposon
2	520808	521063	intergenic		Unclassified_transposon
2	520803	521062	intergenic		Unclassified_transposon
2	536156	539438	gene.body	ostta02g02615	Unclassified_transposon
2	536156	539515	gene.body	ostta02g02615	Unclassified_transposon
2	548187	548389	intergenic		Unclassified_transposon
2	556184	556536	TSS	ostta02g02715	No_transposon
2	556172	556547	TSS	ostta02g02715	No_transposon
2	605135	607437	gene.body	ostta02g03030	No_transposon
2	605153	607437	gene.body	ostta02g03030	No_transposon
2	636561	637336	internal.gene.body	ostta02g03250	No_transposon
2	636561	637323	internal.gene.body	ostta02g03250	No_transposon
2	657341	657543	internal.gene.body	ostta02g03370	No_transposon
2	657341	657543	internal.gene.body	ostta02g03370	No_transposon
2	691175	691418	internal.gene.body	ostta02g03520	No_transposon
2	691175	691418	internal.gene.body	ostta02g03520	No_transposon
2	709539	710220	internal.gene.body	ostta02g03610	No_transposon
2	709539	710220	internal.gene.body	ostta02g03610	No_transposon
2	715522	715891	internal.gene.body	ostta02g03630	No_transposon
2	715522	715891	internal.gene.body	ostta02g03630	No_transposon
2	762478	765460	internal.gene.body	ostta02g03910	No_transposon
2	762478	765460	internal.gene.body	ostta02g03910	No_transposon
2	765843	766157	internal.gene.body	ostta02g03910	No_transposon
2	765843	766177	internal.gene.body	ostta02g03910	No_transposon
2	800867	802892	TES	ostta02g04090	No_transposon
2	800867	802892	TES	ostta02g04090	No_transposon
2	804124	807293	gene.body	ostta02g04110	No_transposon
2	804124	807293	gene.body	ostta02g04110	No_transposon
2	811294	816265	gene.body	ostta02g04160,ostta02g04170	No_transposon
2	811294	816265	gene.body	ostta02g04160,ostta02g04170	No_transposon
2	817147	842045	gene.body	ostta02g04200	Unclassified_transposon
2	817147	842045	gene.body	ostta02g04200	Unclassified_transposon
2	847819	848341	internal.gene.body	ostta02g04230	No_transposon
2	847819	848341	internal.gene.body	ostta02g04230	No_transposon
2	872432	875020	gene.body	ostta02g04400	No_transposon
2	872432	875016	gene.body	ostta02g04400	No_transposon
2	875460	876356	gene.body	ostta02g04410	No_transposon
2	875460	876356	gene.body	ostta02g04410	No_transposon
2	913840	930294	TSS	ostta02g04660	Unclassified_transposon
2	913833	930294	TSS	ostta02g04660	Unclassified_transposon
2	947164	949091	TSS	ostta02g04810	No_transposon
2	947152	949083	TSS	ostta02g04810	No_transposon
2	979020	981571	gene.body	ostta02g05010	Unclassified_transposon
2	979019	981580	gene.body	ostta02g05010	Unclassified_transposon
2	983119	986218	gene.body	ostta02g05030	No_transposon
2	983119	986218	gene.body	ostta02g05030	No_transposon
2	994788	995380	internal.gene.body	ostta02g05080	No_transposon
2	994788	995227	internal.gene.body	ostta02g05080	No_transposon
2	996854	997990	TES	ostta02g05090	Unclassified_transposon
2	996854	997995	TES	ostta02g05090	Unclassified_transposon
2	1048288	1048534	internal.gene.body	ostta02g05420	No_transposon
2	1048210	1048534	internal.gene.body	ostta02g05420	No_transposon
2	1051914	1054275	gene.body	ostta02g05440	No_transposon
2	1051914	1054301	gene.body	ostta02g05440	No_transposon
2	1066794	1071100	TES	ostta02g05530	No_transposon
2	1066773	1071055	TES	ostta02g05530	No_transposon
2	1071648	1072983	TES	ostta02g05540	No_transposon
2	1071648	1072983	TES	ostta02g05540	No_transposon
20	0	1481	gene.body	ostta20g00010	No_transposon
20	0	1522	gene.body	ostta20g00010	No_transposon
20	2250	3647	TES	ostta20g00020	No_transposon
20	2250	3647	TES	ostta20g00020	No_transposon
20	12784	17066	gene.body	ostta20g00090,ostta20g00100	No_transposon
20	12784	17066	gene.body	ostta20g00090,ostta20g00100	No_transposon
20	30938	32926	internal.gene.body	ostta20g00190	No_transposon
20	30938	32926	internal.gene.body	ostta20g00190	No_transposon
20	38634	39205	internal.gene.body	ostta20g00230	No_transposon
20	38633	39205	internal.gene.body	ostta20g00230	No_transposon
20	65812	66397	TSS	ostta20g00390	No_transposon
20	65812	66397	TSS	ostta20g00390	No_transposon
20	77023	83098	gene.body	ostta20g00450,ostta20g00460,ostta20g00470,ostta20g00480	No_transposon
20	77023	83099	gene.body	ostta20g00450,ostta20g00460,ostta20g00470,ostta20g00480	No_transposon
20	85989	87033	internal.gene.body	ostta20g00500	No_transposon
20	85989	87033	internal.gene.body	ostta20g00500	No_transposon
20	131964	132893	internal.gene.body	ostta20g00750	No_transposon
20	131964	132893	internal.gene.body	ostta20g00750	No_transposon
3	278	863	TES	ostta03g00010	Unclassified_transposon
3	243	863	TES	ostta03g00010	Unclassified_transposon
3	64227	66556	internal.gene.body	ostta03g00320	No_transposon
3	64227	66556	internal.gene.body	ostta03g00320	No_transposon
3	112377	115270	gene.body	ostta03g00670	No_transposon
3	112377	115270	gene.body	ostta03g00670	No_transposon
3	121612	122241	internal.gene.body	ostta03g00710	No_transposon
3	121612	122241	internal.gene.body	ostta03g00710	No_transposon
3	122594	122804	internal.gene.body	ostta03g00710	No_transposon
3	122594	122804	internal.gene.body	ostta03g00710	No_transposon
3	123140	125094	internal.gene.body	ostta03g00710	No_transposon
3	123140	125094	internal.gene.body	ostta03g00710	No_transposon
3	164261	168227	gene.body	ostta03g00930	No_transposon
3	164255	168227	gene.body	ostta03g00930	No_transposon
3	273731	275412	TSS	ostta03g01630	No_transposon
3	273731	275412	TSS	ostta03g01630	No_transposon
3	301340	301557	intergenic		Unclassified_transposon
3	301331	301554	intergenic		Unclassified_transposon
3	302776	304403	TSS	ostta03g01830	No_transposon
3	302776	304414	TSS	ostta03g01830	No_transposon
3	305343	306679	gene.body	ostta03g01850	No_transposon
3	305340	306679	gene.body	ostta03g01850	No_transposon
3	312730	314254	gene.body	ostta03g01900	No_transposon
3	312730	314254	gene.body	ostta03g01900	No_transposon
3	316639	316867	internal.gene.body	ostta03g01920	No_transposon
3	316639	316867	internal.gene.body	ostta03g01920	No_transposon
3	317292	317634	internal.gene.body	ostta03g01930	No_transposon
3	317292	317634	internal.gene.body	ostta03g01930	No_transposon
3	338921	342153	TES	ostta03g02080	No_transposon
3	338921	342153	TES	ostta03g02080	No_transposon
3	395970	398390	gene.body	ostta03g02430,ostta03g02440	No_transposon
3	395970	398390	gene.body	ostta03g02430,ostta03g02440	No_transposon
3	410569	412817	TSS	ostta03g02570	No_transposon
3	410569	412818	TSS	ostta03g02570	No_transposon
3	439037	439427	internal.gene.body	ostta03g02750	No_transposon
3	439037	439427	internal.gene.body	ostta03g02750	No_transposon
3	452625	453597	internal.gene.body	ostta03g02810	No_transposon
3	452625	453597	internal.gene.body	ostta03g02810	No_transposon
3	453915	454142	internal.gene.body	ostta03g02810	No_transposon
3	453915	454142	internal.gene.body	ostta03g02810	No_transposon
3	461389	461787	internal.gene.body	ostta03g02825	No_transposon
3	461389	461787	internal.gene.body	ostta03g02825	No_transposon
3	482437	485567	TES	ostta03g02950	No_transposon
3	482437	485567	TES	ostta03g02950	No_transposon
3	573902	576308	gene.body	ostta03g03430	No_transposon
3	573902	576308	gene.body	ostta03g03430	No_transposon
3	756434	759239	TSS	ostta03g04630	Unclassified_transposon
3	756434	759239	TSS	ostta03g04630	Unclassified_transposon
3	785801	788384	gene.body	ostta03g04770	No_transposon
3	785801	788384	gene.body	ostta03g04770	No_transposon
3	788911	790245	TES	ostta03g04780	No_transposon
3	788911	790245	TES	ostta03g04780	No_transposon
3	841299	841719	internal.gene.body	ostta03g05090	No_transposon
3	841299	841719	internal.gene.body	ostta03g05090	No_transposon
3	842040	845225	internal.gene.body	ostta03g05090	No_transposon
3	842040	845225	internal.gene.body	ostta03g05090	No_transposon
3	845519	845958	internal.gene.body	ostta03g05090	No_transposon
3	845519	845958	internal.gene.body	ostta03g05090	No_transposon
3	867045	867777	internal.gene.body	ostta03g05200	No_transposon
3	867045	867777	internal.gene.body	ostta03g05200	No_transposon
3	884588	886449	gene.body	ostta03g05330	No_transposon
3	884588	886449	gene.body	ostta03g05330	No_transposon
3	889994	890507	internal.gene.body	ostta03g05370	No_transposon
3	889994	890507	internal.gene.body	ostta03g05370	No_transposon
3	958833	964745	gene.body	ostta03g05770	No_transposon
3	958833	964745	gene.body	ostta03g05770	No_transposon
3	988335	990539	gene.body	ostta03g05990	Unclassified_transposon
3	988335	990548	gene.body	ostta03g05990	Unclassified_transposon
3	991356	997259	gene.body	ostta03g06010,ostta03g06020,ostta03g06030	Unclassified_transposon
3	991356	997261	gene.body	ostta03g06010,ostta03g06020,ostta03g06030	Unclassified_transposon
4	237	3081	gene.body	ostta04g00010,ostta04g00015	Unclassified_transposon
4	221	3093	gene.body	ostta04g00010,ostta04g00015	Unclassified_transposon
4	112178	113436	TES	ostta04g00690	No_transposon
4	112178	113436	TES	ostta04g00690	No_transposon
4	171152	171497	internal.gene.body	ostta04g00960	No_transposon
4	171152	171497	internal.gene.body	ostta04g00960	No_transposon
4	277544	278196	TES	ostta04g01610	No_transposon
4	277544	278196	TES	ostta04g01610	No_transposon
4	283910	285903	internal.gene.body	ostta04g01660	No_transposon
4	283910	285903	internal.gene.body	ostta04g01660	No_transposon
4	298504	298792	internal.gene.body	ostta04g01745	No_transposon
4	298504	298792	internal.gene.body	ostta04g01745	No_transposon
4	302722	304349	internal.gene.body	ostta04g01770	No_transposon
4	302722	304349	internal.gene.body	ostta04g01770	No_transposon
4	338791	339118	internal.gene.body	ostta04g01940	No_transposon
4	338791	339118	internal.gene.body	ostta04g01940	No_transposon
4	340253	340903	TES	ostta04g01950	No_transposon
4	340253	340903	TES	ostta04g01950	No_transposon
4	349767	351232	TES	ostta04g01990	No_transposon
4	349767	351271	TES	ostta04g01990	No_transposon
4	357654	360669	TSS	ostta04g02030	No_transposon
4	357648	360669	TSS	ostta04g02030	No_transposon
4	529768	532387	TSS	ostta04g03010	No_transposon
4	529768	532387	TSS	ostta04g03010	No_transposon
4	549428	550756	internal.gene.body	ostta04g03110	No_transposon
4	549428	550756	internal.gene.body	ostta04g03110	No_transposon
4	584000	585775	TES	ostta04g03370	No_transposon
4	584000	585775	TES	ostta04g03370	No_transposon
4	614668	615242	internal.gene.body	ostta04g03490	No_transposon
4	614668	615242	internal.gene.body	ostta04g03490	No_transposon
4	623547	624327	internal.gene.body	ostta04g03540	No_transposon
4	623547	624327	internal.gene.body	ostta04g03540	No_transposon
4	634845	636960	gene.body	ostta04g03630	No_transposon
4	634842	636960	gene.body	ostta04g03630	No_transposon
4	660724	661069	TES	ostta04g03830	No_transposon
4	660724	661069	TES	ostta04g03830	No_transposon
4	695900	698640	internal.gene.body	ostta04g04050	No_transposon
4	695900	698640	internal.gene.body	ostta04g04050	No_transposon
4	704954	705439	internal.gene.body	ostta04g04100	No_transposon
4	704954	705462	internal.gene.body	ostta04g04100	No_transposon
4	724118	724733	TES	ostta04g04260	No_transposon
4	724153	724733	TES	ostta04g04260	No_transposon
4	727264	727584	internal.gene.body	ostta04g04260	No_transposon
4	727264	727604	internal.gene.body	ostta04g04260	No_transposon
4	771693	771950	internal.gene.body	ostta04g04590	No_transposon
4	771674	771950	internal.gene.body	ostta04g04590	No_transposon
4	801981	802216	intergenic		Unclassified_transposon
4	801981	802219	intergenic		Unclassified_transposon
4	898767	901228	TES	ostta04g05370	No_transposon
4	898767	901243	TES	ostta04g05370	No_transposon
4	903102	905507	internal.gene.body	ostta04g05380	No_transposon
4	903102	905360	internal.gene.body	ostta04g05380	No_transposon
4	939379	941932	gene.body	ostta04g05580	Unclassified_transposon
4	939379	941932	gene.body	ostta04g05580	Unclassified_transposon
4	942630	942828	TSS	ostta04g05590	Unclassified_transposon
4	942630	942657	internal.gene.body	ostta04g05590	Unclassified_transposon
4	943203	944948	TSS	ostta04g05600	No_transposon
4	943203	944948	TSS	ostta04g05600	No_transposon
5	118246	123402	gene.body	ostta05g00820	No_transposon
5	118240	123456	gene.body	ostta05g00820	No_transposon
5	152500	155891	gene.body	ostta05g01050,ostta05g01055	No_transposon
5	152500	155891	gene.body	ostta05g01050,ostta05g01055	No_transposon
5	319886	322969	internal.gene.body	ostta05g02060	No_transposon
5	319886	322969	internal.gene.body	ostta05g02060	No_transposon
5	373990	376730	TES	ostta05g02360	No_transposon
5	373990	376730	TES	ostta05g02360	No_transposon
5	384484	386669	gene.body	ostta05g02420	No_transposon
5	384466	386760	gene.body	ostta05g02420	No_transposon
5	388646	393070	internal.gene.body	ostta05g02426	No_transposon
5	388646	393070	internal.gene.body	ostta05g02426	No_transposon
5	504958	507885	TES	ostta05g03050	No_transposon
5	504958	507885	TES	ostta05g03050	No_transposon
5	511905	512865	TES	ostta05g03090	No_transposon
5	511905	512865	TES	ostta05g03090	No_transposon
5	536856	537793	internal.gene.body	ostta05g03270	No_transposon
5	536856	537793	internal.gene.body	ostta05g03270	No_transposon
5	538169	538507	internal.gene.body	ostta05g03280	No_transposon
5	538169	538507	internal.gene.body	ostta05g03280	No_transposon
5	570690	576924	TSS	ostta05g03500	No_transposon
5	570690	576924	TSS	ostta05g03500	No_transposon
5	577702	581029	TES	ostta05g03500	No_transposon
5	577702	581029	TES	ostta05g03500	No_transposon
5	584449	584688	internal.gene.body	ostta05g03540	No_transposon
5	584449	584688	internal.gene.body	ostta05g03540	No_transposon
5	585085	585843	internal.gene.body	ostta05g03540	No_transposon
5	585085	585843	internal.gene.body	ostta05g03540	No_transposon
5	637665	640362	gene.body	ostta05g03880	No_transposon
5	637646	640362	gene.body	ostta05g03880	No_transposon
5	644574	647672	gene.body	ostta05g03930	No_transposon
5	644574	647672	gene.body	ostta05g03930	No_transposon
5	670106	672038	TES	ostta05g04080	Unclassified_transposon
5	670106	672038	TES	ostta05g04080	Unclassified_transposon
5	677809	678079	internal.gene.body	ostta05g04100	No_transposon
5	677809	678079	internal.gene.body	ostta05g04100	No_transposon
5	679342	685017	gene.body	ostta05g04110	No_transposon
5	679342	685017	gene.body	ostta05g04110	No_transposon
5	722492	723593	TSS	ostta05g04365	No_transposon
5	722492	723593	TSS	ostta05g04365	No_transposon
5	759403	759676	internal.gene.body	ostta05g04580	No_transposon
5	759403	759676	internal.gene.body	ostta05g04580	No_transposon
5	768981	776367	TES	ostta05g04640	No_transposon
5	768981	776367	TES	ostta05g04640	No_transposon
5	788787	791035	TSS	ostta05g04740	No_transposon
5	788787	791035	TSS	ostta05g04740	No_transposon
5	791721	791925	internal.gene.body	ostta05g04760	No_transposon
5	791711	791925	internal.gene.body	ostta05g04760	No_transposon
5	804779	806990	internal.gene.body	ostta05g04870	No_transposon
5	804779	806992	internal.gene.body	ostta05g04870	No_transposon
5	823920	825181	internal.gene.body	ostta05g04970	No_transposon
5	823920	825181	internal.gene.body	ostta05g04970	No_transposon
5	831391	835279	gene.body	ostta05g05020	Unclassified_transposon
5	831391	835279	gene.body	ostta05g05020	Unclassified_transposon
6	156	3429	gene.body	ostta06g00010	Unclassified_transposon
6	154	3429	gene.body	ostta06g00010	Unclassified_transposon
6	3720	4015	internal.gene.body	ostta06g00020	No_transposon
6	3720	4015	internal.gene.body	ostta06g00020	No_transposon
6	12747	14146	TSS	ostta06g00055	Unclassified_transposon
6	12742	14255	TSS	ostta06g00055	Unclassified_transposon
6	14830	18525	gene.body	ostta06g00060	Unclassified_transposon
6	14830	18525	gene.body	ostta06g00060	Unclassified_transposon
6	19359	21826	gene.body	ostta06g00070	Unclassified_transposon
6	19359	21824	gene.body	ostta06g00070	Unclassified_transposon
6	54183	57200	TES	ostta06g00330	No_transposon
6	54183	57200	TES	ostta06g00330	No_transposon
6	83437	85863	gene.body	ostta06g00500	No_transposon
6	83437	85863	gene.body	ostta06g00500	No_transposon
6	88920	92558	gene.body	ostta06g00540	No_transposon
6	88920	92558	gene.body	ostta06g00540	No_transposon
6	120829	122560	internal.gene.body	ostta06g00760	No_transposon
6	120829	122887	internal.gene.body	ostta06g00760	No_transposon
6	185541	185927	internal.gene.body	ostta06g01110	No_transposon
6	185541	185927	internal.gene.body	ostta06g01110	No_transposon
6	203573	204209	internal.gene.body	ostta06g01270	No_transposon
6	203702	204209	internal.gene.body	ostta06g01270	No_transposon
6	205279	205543	internal.gene.body	ostta06g01280	No_transposon
6	205279	205543	internal.gene.body	ostta06g01280	No_transposon
6	208365	209731	internal.gene.body	ostta06g01290	No_transposon
6	208365	209731	internal.gene.body	ostta06g01290	No_transposon
6	210241	210519	internal.gene.body	ostta06g01290	No_transposon
6	210241	210519	internal.gene.body	ostta06g01290	No_transposon
6	211245	211511	internal.gene.body	ostta06g01290	No_transposon
6	211245	211511	internal.gene.body	ostta06g01290	No_transposon
6	264642	265140	internal.gene.body	ostta06g01550	No_transposon
6	264642	265347	TSS	ostta06g01550	No_transposon
6	379640	382791	gene.body	ostta06g02310	No_transposon
6	379628	382791	gene.body	ostta06g02310	No_transposon
6	414750	415607	internal.gene.body	ostta06g02500	No_transposon
6	414750	415607	internal.gene.body	ostta06g02500	No_transposon
6	453650	458545	TES	ostta06g02700	No_transposon
6	453650	458545	TES	ostta06g02700	No_transposon
6	461409	462086	internal.gene.body	ostta06g02730	No_transposon
6	461409	462086	internal.gene.body	ostta06g02730	No_transposon
6	472649	474765	internal.gene.body	ostta06g02800	No_transposon
6	472649	474765	internal.gene.body	ostta06g02800	No_transposon
6	475158	475692	internal.gene.body	ostta06g02800	No_transposon
6	475158	475597	internal.gene.body	ostta06g02800	No_transposon
6	507125	508765	internal.gene.body	ostta06g03030	No_transposon
6	507125	508806	internal.gene.body	ostta06g03030	No_transposon
6	533181	533493	internal.gene.body	ostta06g03160	No_transposon
6	533181	533493	internal.gene.body	ostta06g03160	No_transposon
6	533874	535996	internal.gene.body	ostta06g03160	No_transposon
6	533874	536002	internal.gene.body	ostta06g03160	No_transposon
6	559040	561021	internal.gene.body	ostta06g03320	No_transposon
6	559040	561021	internal.gene.body	ostta06g03320	No_transposon
6	639325	640000	internal.gene.body	ostta06g03730	No_transposon
6	639325	640000	internal.gene.body	ostta06g03730	No_transposon
6	665120	666460	internal.gene.body	ostta06g03890	No_transposon
6	665120	666460	internal.gene.body	ostta06g03890	No_transposon
6	721094	721707	internal.gene.body	ostta06g04260	No_transposon
6	721094	721699	internal.gene.body	ostta06g04260	No_transposon
6	762020	777318	gene.body	ostta06g04460,ostta06g04470	No_transposon
6	762020	777318	gene.body	ostta06g04460,ostta06g04470	No_transposon
6	783841	784933	gene.body	ostta06g04550	No_transposon
6	783841	784933	gene.body	ostta06g04550	No_transposon
6	786322	787768	TES	ostta06g04570	No_transposon
6	786322	787768	TES	ostta06g04570	No_transposon
7	211	1652	TES	ostta07g00010	Unclassified_transposon
7	203	1652	TES	ostta07g00010	Unclassified_transposon
7	6222	6480	internal.gene.body	ostta07g00030	No_transposon
7	6222	6480	internal.gene.body	ostta07g00030	No_transposon
7	6959	7954	internal.gene.body	ostta07g00030	No_transposon
7	6959	7954	internal.gene.body	ostta07g00030	No_transposon
7	105722	108338	gene.body	ostta07g00670	No_transposon
7	105722	108338	gene.body	ostta07g00670	No_transposon
7	123898	124448	internal.gene.body	ostta07g00810	No_transposon
7	123898	124448	internal.gene.body	ostta07g00810	No_transposon
7	154139	154884	TSS	ostta07g01080	No_transposon
7	154139	154884	TSS	ostta07g01080	No_transposon
7	175418	180399	gene.body	ostta07g01250	No_transposon
7	175418	180399	gene.body	ostta07g01250	No_transposon
7	184874	186321	gene.body	ostta07g01300	No_transposon
7	184874	186316	gene.body	ostta07g01300	No_transposon
7	271743	271969	internal.gene.body	ostta07g01770	No_transposon
7	271743	271969	internal.gene.body	ostta07g01770	No_transposon
7	303185	303558	intergenic		LTR_transposon
7	303184	303558	intergenic		LTR_transposon
7	338351	339058	internal.gene.body	ostta07g02140	No_transposon
7	338351	339058	internal.gene.body	ostta07g02140	No_transposon
7	372850	375572	TSS	ostta07g02320	No_transposon
7	372850	375572	TSS	ostta07g02320	No_transposon
7	475165	476886	gene.body	ostta07g02960	No_transposon
7	475146	476886	gene.body	ostta07g02960	No_transposon
7	496239	498898	gene.body	ostta07g03080	No_transposon
7	496234	498898	gene.body	ostta07g03080	No_transposon
7	513080	518538	gene.body	ostta07g03220	No_transposon
7	513080	518538	gene.body	ostta07g03220	No_transposon
7	519867	522057	gene.body	ostta07g03240,ostta07g03250	No_transposon
7	519867	522059	gene.body	ostta07g03240,ostta07g03250	No_transposon
7	560887	562633	internal.gene.body	ostta07g03510	No_transposon
7	560887	562633	internal.gene.body	ostta07g03510	No_transposon
7	575529	575950	internal.gene.body	ostta07g03560	No_transposon
7	575529	575950	internal.gene.body	ostta07g03560	No_transposon
7	582060	582371	internal.gene.body	ostta07g03590	No_transposon
7	582060	582371	internal.gene.body	ostta07g03590	No_transposon
7	583439	588584	gene.body	ostta07g03600	No_transposon
7	583439	588584	gene.body	ostta07g03600	No_transposon
7	612980	615323	gene.body	ostta07g03750	No_transposon
7	612980	615323	gene.body	ostta07g03750	No_transposon
7	620436	622870	TES	ostta07g03810	No_transposon
7	620436	622919	TES	ostta07g03810	No_transposon
7	636054	636442	internal.gene.body	ostta07g03900	No_transposon
7	636054	636442	internal.gene.body	ostta07g03900	No_transposon
7	643725	644506	internal.gene.body	ostta07g03950	No_transposon
7	643725	644506	internal.gene.body	ostta07g03950	No_transposon
7	644811	645771	internal.gene.body	ostta07g03950	No_transposon
7	644811	645771	internal.gene.body	ostta07g03950	No_transposon
7	649882	651540	internal.gene.body	ostta07g03980	No_transposon
7	649882	651540	internal.gene.body	ostta07g03980	No_transposon
7	658588	660984	internal.gene.body	ostta07g04040	No_transposon
7	658588	660984	internal.gene.body	ostta07g04040	No_transposon
7	682558	685875	TES	ostta07g04200	No_transposon
7	682561	685875	TES	ostta07g04200	No_transposon
7	686828	689234	gene.body	ostta07g04230	No_transposon
7	686828	689234	gene.body	ostta07g04230	No_transposon
7	703437	706583	gene.body	ostta07g04340	No_transposon
7	703437	706583	gene.body	ostta07g04340	No_transposon
7	716653	719008	internal.gene.body	ostta07g04410	No_transposon
7	716653	719008	internal.gene.body	ostta07g04410	No_transposon
7	721322	723444	TES	ostta07g04430	No_transposon
7	721322	723444	TES	ostta07g04430	No_transposon
7	748033	748951	TES	ostta07g04610	No_transposon
7	748033	748951	TES	ostta07g04610	No_transposon
7	767836	769885	gene.body	ostta07g04760	Unclassified_transposon
7	767836	769883	gene.body	ostta07g04760	Unclassified_transposon
8	199	1863	TES	ostta08g00010	Unclassified_transposon
8	191	1863	TES	ostta08g00010	Unclassified_transposon
8	3084	8763	gene.body	ostta08g00020	No_transposon
8	3084	8763	gene.body	ostta08g00020	No_transposon
8	18532	20590	gene.body	ostta08g00090	No_transposon
8	18532	20590	gene.body	ostta08g00090	No_transposon
8	54916	55256	internal.gene.body	ostta08g00350	No_transposon
8	54916	55256	internal.gene.body	ostta08g00350	No_transposon
8	58498	65094	gene.body	ostta08g00390,ostta08g00400	LTR_transposon
8	58498	65086	gene.body	ostta08g00390,ostta08g00400	LTR_transposon
8	102059	102383	intergenic		Unclassified_transposon
8	102059	102424	intergenic		Unclassified_transposon
8	103191	104414	internal.gene.body	ostta08g00680	Unclassified_transposon
8	103191	104414	internal.gene.body	ostta08g00680	Unclassified_transposon
8	214207	214996	internal.gene.body	ostta08g01280	No_transposon
8	214201	214996	internal.gene.body	ostta08g01280	No_transposon
8	241674	244728	internal.gene.body	ostta08g01380	No_transposon
8	241674	244739	internal.gene.body	ostta08g01380	No_transposon
8	256644	259786	internal.gene.body	ostta08g01440	No_transposon
8	256644	259786	internal.gene.body	ostta08g01440	No_transposon
8	303832	304130	intergenic		No_transposon
8	303829	304141	intergenic		No_transposon
8	325270	327417	TSS	ostta08g01850	No_transposon
8	325270	327423	TSS	ostta08g01850	No_transposon
8	329908	330425	internal.gene.body	ostta08g01880	No_transposon
8	329908	330425	internal.gene.body	ostta08g01880	No_transposon
8	381273	382042	internal.gene.body	ostta08g02180	No_transposon
8	381273	382042	internal.gene.body	ostta08g02180	No_transposon
8	439748	441302	internal.gene.body	ostta08g02560	No_transposon
8	439748	441302	internal.gene.body	ostta08g02560	No_transposon
8	511095	512382	internal.gene.body	ostta08g03010	Unclassified_transposon
8	511095	512369	internal.gene.body	ostta08g03010	Unclassified_transposon
8	624445	626874	gene.body	ostta08g03710	No_transposon
8	624445	626874	gene.body	ostta08g03710	No_transposon
8	636213	637897	gene.body	ostta08g03780	No_transposon
8	636213	637897	gene.body	ostta08g03780	No_transposon
8	640350	641359	TSS	ostta08g03810	No_transposon
8	640350	641359	TSS	ostta08g03810	No_transposon
8	661948	663077	gene.body	ostta08g03960	No_transposon
8	661948	663069	gene.body	ostta08g03960	No_transposon
8	667582	667797	internal.gene.body	ostta08g03990	No_transposon
8	667582	667797	internal.gene.body	ostta08g03990	No_transposon
8	677235	680994	gene.body	ostta08g04060	No_transposon
8	677235	680994	gene.body	ostta08g04060	No_transposon
8	697394	698815	TSS	ostta08g04190	No_transposon
8	697396	698815	TSS	ostta08g04190	No_transposon
8	711164	713823	gene.body	ostta08g04280,ostta08g04290	No_transposon
8	711159	713823	gene.body	ostta08g04280,ostta08g04290	No_transposon
9	790	3676	TES	ostta09g00010	No_transposon
9	790	3676	TES	ostta09g00010	No_transposon
9	5824	6901	internal.gene.body	ostta09g00030	No_transposon
9	5824	6901	internal.gene.body	ostta09g00030	No_transposon
9	32596	34079	gene.body	ostta09g00240	No_transposon
9	32596	34079	gene.body	ostta09g00240	No_transposon
9	61542	64105	gene.body	ostta09g00440	No_transposon
9	61531	64105	gene.body	ostta09g00440	No_transposon
9	65514	66298	internal.gene.body	ostta09g00460	No_transposon
9	65514	66298	internal.gene.body	ostta09g00460	No_transposon
9	80839	84543	gene.body	ostta09g00590	No_transposon
9	80839	84543	gene.body	ostta09g00590	No_transposon
9	153364	153643	TSS	ostta09g01060	No_transposon
9	153364	153643	TSS	ostta09g01060	No_transposon
9	154243	154465	internal.gene.body	ostta09g01070	No_transposon
9	154243	154570	internal.gene.body	ostta09g01070	No_transposon
9	192776	194509	internal.gene.body	ostta09g01300	No_transposon
9	192776	194509	internal.gene.body	ostta09g01300	No_transposon
9	239056	239764	internal.gene.body	ostta09g01615	Unclassified_transposon
9	239056	239764	internal.gene.body	ostta09g01615	Unclassified_transposon
9	257741	258621	TSS	ostta09g01750	No_transposon
9	257741	258621	TSS	ostta09g01750	No_transposon
9	259364	259695	internal.gene.body	ostta09g01760	No_transposon
9	259364	259703	internal.gene.body	ostta09g01760	No_transposon
9	263337	264248	internal.gene.body	ostta09g01770	No_transposon
9	263337	264248	internal.gene.body	ostta09g01770	No_transposon
9	273767	276304	TES	ostta09g01830	No_transposon
9	273767	276304	TES	ostta09g01830	No_transposon
9	287790	288212	internal.gene.body	ostta09g01910	No_transposon
9	287790	288212	internal.gene.body	ostta09g01910	No_transposon
9	377839	381630	gene.body	ostta09g02430	No_transposon
9	377839	381630	gene.body	ostta09g02430	No_transposon
9	385383	389146	gene.body	ostta09g02480	No_transposon
9	385383	389146	gene.body	ostta09g02480	No_transposon
9	402767	404664	gene.body	ostta09g02600	No_transposon
9	402767	404669	gene.body	ostta09g02600	No_transposon
9	498801	500883	gene.body	ostta09g03240	No_transposon
9	498801	500883	gene.body	ostta09g03240	No_transposon
9	503963	504771	internal.gene.body	ostta09g03290	No_transposon
9	503963	504771	internal.gene.body	ostta09g03290	No_transposon
9	508025	509136	TES	ostta09g03330	No_transposon
9	508025	509136	TES	ostta09g03330	No_transposon
9	512782	513034	internal.gene.body	ostta09g03350	No_transposon
9	512782	513034	internal.gene.body	ostta09g03350	No_transposon
9	518188	520266	TES	ostta09g03390	No_transposon
9	518154	520266	TES	ostta09g03390	No_transposon
9	557828	558225	internal.gene.body	ostta09g03600	No_transposon
9	557828	558225	internal.gene.body	ostta09g03600	No_transposon
9	558563	558833	internal.gene.body	ostta09g03600	No_transposon
9	558563	558833	internal.gene.body	ostta09g03600	No_transposon
9	583796	586041	internal.gene.body	ostta09g03765	No_transposon
9	583796	586041	internal.gene.body	ostta09g03765	No_transposon
9	695950	698302	gene.body	ostta09g04430	No_transposon
9	695950	698334	gene.body	ostta09g04430	No_transposon
9	702529	704362	gene.body	ostta09g04470	No_transposon
9	702529	704362	gene.body	ostta09g04470	No_transposon
9	708489	710121	TES	ostta09g04510	No_transposon
9	708489	710111	TES	ostta09g04510	No_transposon
9	710626	712606	TES	ostta09g04530	Unclassified_transposon
9	710617	712593	TES	ostta09g04530	Unclassified_transposon
